Product_ID,Product_Name,Product_Colour,Product_Size,Product_Quality,Product_Thickness,Product_Price,Product_Image,Customer_ID
1,[Cotton Combed] Black T-Shirt S 20s,Black,S,Cotton Combed,20s,26000,https://drive.google.com/file/d/1vTjsa6cHpNKIAW2RnEYqCnpBIpQPuiqe/view?usp=share_link,CS036
1,[Cotton Combed] Black T-Shirt S 20s,Black,S,Cotton Combed,0,26000,https://drive.google.com/file/d/1vTjsa6cHpNKIAW2RnEYqCnpBIpQPuiqe/view?usp=share_link,CS014
2,[Cotton Combed] Grey T-Shirt S 20s,Grey,S,Cotton Combed,20s,26000,https://drive.google.com/file/d/12VlmrpPKReSwfVBEejdJ2clcg8LuGmAe/view?usp=share_link,CS031
3,[Cotton Combed] Maroon T-Shirt S 20s,Maroon,S,Cotton Combed,20s,26000,https://drive.google.com/file/d/1sQ2EaS-xeWdQKQt8PBktDGxgJGbLjEzJ/view?usp=share_link,CS036
3,[Cotton Combed] Maroon T-Shirt S 20s,Maroon,S,Cotton Combed,0,26000,https://drive.google.com/file/d/1sQ2EaS-xeWdQKQt8PBktDGxgJGbLjEzJ/view?usp=share_link,CS028
3,[Cotton Combed] Maroon T-Shirt S 20s,Maroon,S,Cotton Combed,0,26000,https://drive.google.com/file/d/1sQ2EaS-xeWdQKQt8PBktDGxgJGbLjEzJ/view?usp=share_link,CS034
4,[Cotton Combed] Mustard T-Shirt S 20s,Mustard,S,Cotton Combed,20s,26000,https://drive.google.com/file/d/1o3VEf__eBotw7r6QHnUsR-pBLpBZ1tDT/view?usp=share_link,CS017
4,[Cotton Combed] Mustard T-Shirt S 20s,Mustard,S,Cotton Combed,0,26000,https://drive.google.com/file/d/1o3VEf__eBotw7r6QHnUsR-pBLpBZ1tDT/view?usp=share_link,CS011
5,[Cotton Combed] Sage T-Shirt S 20s,Sage,S,Cotton Combed,20s,26000,https://drive.google.com/file/d/1oXYXv26Gs0I4yuXNhfkas7r-ZRLK_Kg4/view?usp=share_link,CS015
6,[Cotton Combed] White T-Shirt S,White,S,Cotton Combed,20s,26000,https://drive.google.com/file/d/1O-8Dt8OnMpFa-NFLawEYCJz4Vom84ctG/view?usp=share_link,CS033
7,[Polyester] Black T-Shirt S,Black,S,Polyester,0,24000,https://drive.google.com/file/d/1_BEPix2AG5EgKZ078_6te0ejXGahrk4-/view?usp=share_link,CS016
7,[Polyester] Black T-Shirt S,Black,S,Polyester,0,24000,https://drive.google.com/file/d/1_BEPix2AG5EgKZ078_6te0ejXGahrk4-/view?usp=share_link,CS031
7,[Polyester] Black T-Shirt S,Black,S,Polyester,0,24000,https://drive.google.com/file/d/1_BEPix2AG5EgKZ078_6te0ejXGahrk4-/view?usp=share_link,CS035
7,[Polyester] Black T-Shirt S,Black,S,Polyester,20s,24000,https://drive.google.com/file/d/1_BEPix2AG5EgKZ078_6te0ejXGahrk4-/view?usp=share_link,CS001
7,[Polyester] Black T-Shirt S,Black,S,Polyester,20s,24000,https://drive.google.com/file/d/1_BEPix2AG5EgKZ078_6te0ejXGahrk4-/view?usp=share_link,CS034
7,[Polyester] Black T-Shirt S,Black,S,Polyester,24s,24000,https://drive.google.com/file/d/1_BEPix2AG5EgKZ078_6te0ejXGahrk4-/view?usp=share_link,CS008
7,[Polyester] Black T-Shirt S,Black,S,Polyester,24s,24000,https://drive.google.com/file/d/1_BEPix2AG5EgKZ078_6te0ejXGahrk4-/view?usp=share_link,CS035
7,[Polyester] Black T-Shirt S,Black,S,Polyester,30s,24000,https://drive.google.com/file/d/1_BEPix2AG5EgKZ078_6te0ejXGahrk4-/view?usp=share_link,CS030
8,[Polyester] Grey T-Shirt S,Grey,S,Polyester,0,24000,https://drive.google.com/file/d/1LT0x19DHadkDdyXITOmK239MfZ3KVOAt/view?usp=share_link,CS004
8,[Polyester] Grey T-Shirt S,Grey,S,Polyester,0,24000,https://drive.google.com/file/d/1LT0x19DHadkDdyXITOmK239MfZ3KVOAt/view?usp=share_link,CS004
8,[Polyester] Grey T-Shirt S,Grey,S,Polyester,0,24000,https://drive.google.com/file/d/1LT0x19DHadkDdyXITOmK239MfZ3KVOAt/view?usp=share_link,CS006
8,[Polyester] Grey T-Shirt S,Grey,S,Polyester,0,24000,https://drive.google.com/file/d/1LT0x19DHadkDdyXITOmK239MfZ3KVOAt/view?usp=share_link,CS009
8,[Polyester] Grey T-Shirt S,Grey,S,Polyester,0,24000,https://drive.google.com/file/d/1LT0x19DHadkDdyXITOmK239MfZ3KVOAt/view?usp=share_link,CS010
8,[Polyester] Grey T-Shirt S,Grey,S,Polyester,0,24000,https://drive.google.com/file/d/1LT0x19DHadkDdyXITOmK239MfZ3KVOAt/view?usp=share_link,CS020
8,[Polyester] Grey T-Shirt S,Grey,S,Polyester,20s,24000,https://drive.google.com/file/d/1LT0x19DHadkDdyXITOmK239MfZ3KVOAt/view?usp=share_link,CS006
9,[Polyester] Maroon T-Shirt S,Maroon,S,Polyester,0,24000,https://drive.google.com/file/d/1STD1zhpYIx4rREEXExLm0AWDem7ObqNV/view?usp=sharing,CS036
9,[Polyester] Maroon T-Shirt S,Maroon,S,Polyester,0,24000,https://drive.google.com/file/d/1STD1zhpYIx4rREEXExLm0AWDem7ObqNV/view?usp=sharing,CS044
9,[Polyester] Maroon T-Shirt S,Maroon,S,Polyester,0,24000,https://drive.google.com/file/d/1STD1zhpYIx4rREEXExLm0AWDem7ObqNV/view?usp=sharing,CS044
9,[Polyester] Maroon T-Shirt S,Maroon,S,Polyester,30s,24000,https://drive.google.com/file/d/1STD1zhpYIx4rREEXExLm0AWDem7ObqNV/view?usp=sharing,CS014
9,[Polyester] Maroon T-Shirt S,Maroon,S,Polyester,20s,24000,https://drive.google.com/file/d/1STD1zhpYIx4rREEXExLm0AWDem7ObqNV/view?usp=sharing,CS020
9,[Polyester] Maroon T-Shirt S,Maroon,S,Polyester,20s,24000,https://drive.google.com/file/d/1STD1zhpYIx4rREEXExLm0AWDem7ObqNV/view?usp=sharing,CS023
10,[Polyester] Mustard T-Shirt S,Mustard,S,Polyester,0,24000,https://drive.google.com/file/d/1EF9kV-UhJShCQcmG7_B9gdeDJqmYqdmU/view?usp=share_link,CS002
10,[Polyester] Mustard T-Shirt S,Mustard,S,Polyester,0,24000,https://drive.google.com/file/d/1EF9kV-UhJShCQcmG7_B9gdeDJqmYqdmU/view?usp=share_link,CS007
10,[Polyester] Mustard T-Shirt S,Mustard,S,Polyester,0,24000,https://drive.google.com/file/d/1EF9kV-UhJShCQcmG7_B9gdeDJqmYqdmU/view?usp=share_link,CS032
10,[Polyester] Mustard T-Shirt S,Mustard,S,Polyester,0,24000,https://drive.google.com/file/d/1EF9kV-UhJShCQcmG7_B9gdeDJqmYqdmU/view?usp=share_link,CS044
10,[Polyester] Mustard T-Shirt S,Mustard,S,Polyester,30s,24000,https://drive.google.com/file/d/1EF9kV-UhJShCQcmG7_B9gdeDJqmYqdmU/view?usp=share_link,CS031
11,[Polyester] Sage T-Shirt S,Sage,S,Polyester,0,24000,https://drive.google.com/file/d/1aSSPSUeAhL5BkOldKSl15Q6z1JJTLR8a/view?usp=share_link,CS018
11,[Polyester] Sage T-Shirt S,Sage,S,Polyester,20s,24000,https://drive.google.com/file/d/1aSSPSUeAhL5BkOldKSl15Q6z1JJTLR8a/view?usp=share_link,CS013
12,[Polyester] White T-Shirt S,White,S,Polyester,0,24000,https://drive.google.com/file/d/1IPzZvNJa0rwhfScba48xVRsRnsMdeTJR/view?usp=share_link,CS018
12,[Polyester] White T-Shirt S,White,S,Polyester,0,24000,https://drive.google.com/file/d/1IPzZvNJa0rwhfScba48xVRsRnsMdeTJR/view?usp=share_link,CS018
12,[Polyester] White T-Shirt S,White,S,Polyester,0,24000,https://drive.google.com/file/d/1IPzZvNJa0rwhfScba48xVRsRnsMdeTJR/view?usp=share_link,CS024
12,[Polyester] White T-Shirt S,White,S,Polyester,0,24000,https://drive.google.com/file/d/1IPzZvNJa0rwhfScba48xVRsRnsMdeTJR/view?usp=share_link,CS027
12,[Polyester] White T-Shirt S,White,S,Polyester,0,24000,https://drive.google.com/file/d/1IPzZvNJa0rwhfScba48xVRsRnsMdeTJR/view?usp=share_link,CS029
12,[Polyester] White T-Shirt S,White,S,Polyester,0,24000,https://drive.google.com/file/d/1IPzZvNJa0rwhfScba48xVRsRnsMdeTJR/view?usp=share_link,CS030
13,[Spandex] Black T-Shirt S,Black,S,Spandex,0,28000,https://drive.google.com/file/d/1vnhn7Q0HHaJKgIBKVz1vWms4e4-vyJxc/view?usp=share_link,CS012
13,[Spandex] Black T-Shirt S,Black,S,Spandex,0,28000,https://drive.google.com/file/d/1vnhn7Q0HHaJKgIBKVz1vWms4e4-vyJxc/view?usp=share_link,CS012
13,[Spandex] Black T-Shirt S,Black,S,Spandex,0,28000,https://drive.google.com/file/d/1vnhn7Q0HHaJKgIBKVz1vWms4e4-vyJxc/view?usp=share_link,CS026
13,[Spandex] Black T-Shirt S,Black,S,Spandex,0,28000,https://drive.google.com/file/d/1vnhn7Q0HHaJKgIBKVz1vWms4e4-vyJxc/view?usp=share_link,CS034
13,[Spandex] Black T-Shirt S,Black,S,Spandex,20s,28000,https://drive.google.com/file/d/1vnhn7Q0HHaJKgIBKVz1vWms4e4-vyJxc/view?usp=share_link,CS003
14,[Spandex] Grey T-Shirt S,Grey,S,Spandex,0,28000,https://drive.google.com/file/d/1vnhn7Q0HHaJKgIBKVz1vWms4e4-vyJxc/view?usp=share_link,CS018
14,[Spandex] Grey T-Shirt S,Grey,S,Spandex,0,28000,https://drive.google.com/file/d/1vnhn7Q0HHaJKgIBKVz1vWms4e4-vyJxc/view?usp=share_link,CS030
14,[Spandex] Grey T-Shirt S,Grey,S,Spandex,0,28000,https://drive.google.com/file/d/1vnhn7Q0HHaJKgIBKVz1vWms4e4-vyJxc/view?usp=share_link,CS034
14,[Spandex] Grey T-Shirt S,Grey,S,Spandex,0,28000,https://drive.google.com/file/d/1vnhn7Q0HHaJKgIBKVz1vWms4e4-vyJxc/view?usp=share_link,CS045
14,[Spandex] Grey T-Shirt S,Grey,S,Spandex,20s,28000,https://drive.google.com/file/d/1vnhn7Q0HHaJKgIBKVz1vWms4e4-vyJxc/view?usp=share_link,CS012
14,[Spandex] Grey T-Shirt S,Grey,S,Spandex,24s,28000,https://drive.google.com/file/d/1vnhn7Q0HHaJKgIBKVz1vWms4e4-vyJxc/view?usp=share_link,CS020
15,[Spandex] Maroon T-Shirt S,Maroon,S,Spandex,0,28000,https://drive.google.com/file/d/1fGquBYN2XZQJJ02REcYpfHh1IQTXSqiL/view?usp=share_link,CS002
15,[Spandex] Maroon T-Shirt S,Maroon,S,Spandex,0,28000,https://drive.google.com/file/d/1fGquBYN2XZQJJ02REcYpfHh1IQTXSqiL/view?usp=share_link,CS008
15,[Spandex] Maroon T-Shirt S,Maroon,S,Spandex,0,28000,https://drive.google.com/file/d/1fGquBYN2XZQJJ02REcYpfHh1IQTXSqiL/view?usp=share_link,CS010
15,[Spandex] Maroon T-Shirt S,Maroon,S,Spandex,0,28000,https://drive.google.com/file/d/1fGquBYN2XZQJJ02REcYpfHh1IQTXSqiL/view?usp=share_link,CS018
15,[Spandex] Maroon T-Shirt S,Maroon,S,Spandex,0,28000,https://drive.google.com/file/d/1fGquBYN2XZQJJ02REcYpfHh1IQTXSqiL/view?usp=share_link,CS027
15,[Spandex] Maroon T-Shirt S,Maroon,S,Spandex,24s,28000,https://drive.google.com/file/d/1fGquBYN2XZQJJ02REcYpfHh1IQTXSqiL/view?usp=share_link,CS007
16,[Spandex] Mustard T-Shirt S,Mustard,S,Spandex,0,28000,https://drive.google.com/file/d/1s8YswKjvcr2zxmDFC_kAwDqjBVUKNKs-/view?usp=share_link,CS003
16,[Spandex] Mustard T-Shirt S,Mustard,S,Spandex,0,28000,https://drive.google.com/file/d/1s8YswKjvcr2zxmDFC_kAwDqjBVUKNKs-/view?usp=share_link,CS026
16,[Spandex] Mustard T-Shirt S,Mustard,S,Spandex,0,28000,https://drive.google.com/file/d/1s8YswKjvcr2zxmDFC_kAwDqjBVUKNKs-/view?usp=share_link,CS029
16,[Spandex] Mustard T-Shirt M,Mustard,S,Spandex,30s,30000,https://drive.google.com/file/d/1s8YswKjvcr2zxmDFC_kAwDqjBVUKNKs-/view?usp=share_link,CS008
16,[Spandex] Mustard T-Shirt S,Mustard,S,Spandex,20s,28000,https://drive.google.com/file/d/1s8YswKjvcr2zxmDFC_kAwDqjBVUKNKs-/view?usp=share_link,CS016
16,[Spandex] Mustard T-Shirt S,Mustard,S,Spandex,20s,28000,https://drive.google.com/file/d/1s8YswKjvcr2zxmDFC_kAwDqjBVUKNKs-/view?usp=share_link,CS031
17,[Spandex] Sage T-Shirt S,Sage,S,Spandex,0,28000,https://drive.google.com/file/d/1wbZh4_txeFqS07KY3LrV8Zgsxcvd0qjN/view?usp=share_link,CS004
17,[Spandex] Sage T-Shirt S,Sage,S,Spandex,0,28000,https://drive.google.com/file/d/1wbZh4_txeFqS07KY3LrV8Zgsxcvd0qjN/view?usp=share_link,CS014
17,[Spandex] Sage T-Shirt S,Sage,S,Spandex,20s,28000,https://drive.google.com/file/d/1wbZh4_txeFqS07KY3LrV8Zgsxcvd0qjN/view?usp=share_link,CS011
18,[Spandex] White T-Shirt S,White,S,Spandex,0,28000,https://drive.google.com/file/d/1JVcjODCYziQykTH37tWJ77NCbOuxfT4l/view?usp=share_link,CS001
18,[Spandex] White T-Shirt S,White,S,Spandex,0,28000,https://drive.google.com/file/d/1JVcjODCYziQykTH37tWJ77NCbOuxfT4l/view?usp=share_link,CS009
18,[Spandex] White T-Shirt S,White,S,Spandex,0,28000,https://drive.google.com/file/d/1JVcjODCYziQykTH37tWJ77NCbOuxfT4l/view?usp=share_link,CS010
18,[Spandex] White T-Shirt S,White,S,Spandex,0,28000,https://drive.google.com/file/d/1JVcjODCYziQykTH37tWJ77NCbOuxfT4l/view?usp=share_link,CS017
18,[Spandex] White T-Shirt S,White,S,Spandex,0,28000,https://drive.google.com/file/d/1JVcjODCYziQykTH37tWJ77NCbOuxfT4l/view?usp=share_link,CS023
18,[Spandex] White T-Shirt S,White,S,Spandex,0,28000,https://drive.google.com/file/d/1JVcjODCYziQykTH37tWJ77NCbOuxfT4l/view?usp=share_link,CS028
18,[Spandex] White T-Shirt S,White,S,Spandex,0,28000,https://drive.google.com/file/d/1JVcjODCYziQykTH37tWJ77NCbOuxfT4l/view?usp=share_link,CS034
18,[Spandex] White T-Shirt S,White,S,Spandex,30s,28000,https://drive.google.com/file/d/1JVcjODCYziQykTH37tWJ77NCbOuxfT4l/view?usp=share_link,CS004
18,[Spandex] White T-Shirt S,White,S,Spandex,20s,28000,https://drive.google.com/file/d/1JVcjODCYziQykTH37tWJ77NCbOuxfT4l/view?usp=share_link,CS014
18,[Spandex] White T-Shirt S,White,S,Spandex,20s,28000,https://drive.google.com/file/d/1JVcjODCYziQykTH37tWJ77NCbOuxfT4l/view?usp=share_link,CS021
19,[Cotton Combed] Black T-Shirt M 20s,Black,M,Cotton Combed,20s,28000,https://drive.google.com/file/d/1vTjsa6cHpNKIAW2RnEYqCnpBIpQPuiqe/view?usp=share_link,CS036
19,[Cotton Combed] Black T-Shirt M 20s,Black,M,Cotton Combed,20s,28000,https://drive.google.com/file/d/1vTjsa6cHpNKIAW2RnEYqCnpBIpQPuiqe/view?usp=share_link,CS045
19,[Cotton Combed] Black T-Shirt M 20s,Black,M,Cotton Combed,0,28000,https://drive.google.com/file/d/1vTjsa6cHpNKIAW2RnEYqCnpBIpQPuiqe/view?usp=share_link,CS013
20,[Cotton Combed] Grey T-Shirt M 20s,Grey,M,Cotton Combed,20s,28000,https://drive.google.com/file/d/12VlmrpPKReSwfVBEejdJ2clcg8LuGmAe/view?usp=share_link,CS023
21,[Cotton Combed] Maroon T-Shirt M 20s,Maroon,M,Cotton Combed,20s,28000,https://drive.google.com/file/d/1sQ2EaS-xeWdQKQt8PBktDGxgJGbLjEzJ/view?usp=share_link,CS036
21,[Cotton Combed] Maroon T-Shirt M 20s,Maroon,M,Cotton Combed,0,28000,https://drive.google.com/file/d/1sQ2EaS-xeWdQKQt8PBktDGxgJGbLjEzJ/view?usp=share_link,CS029
22,[Cotton Combed] Mustard T-Shirt M 20s,Mustard,M,Cotton Combed,20s,28000,https://drive.google.com/file/d/1o3VEf__eBotw7r6QHnUsR-pBLpBZ1tDT/view?usp=share_link,CS036
23,[Cotton Combed] Sage T-Shirt M 20s,Sage,M,Cotton Combed,20s,28000,https://drive.google.com/file/d/1oXYXv26Gs0I4yuXNhfkas7r-ZRLK_Kg4/view?usp=share_link,CS036
24,[Cotton Combed] White T-Shirt M 20s,White,M,Cotton Combed,20s,28000,https://drive.google.com/file/d/1O-8Dt8OnMpFa-NFLawEYCJz4Vom84ctG/view?usp=share_link,CS015
24,[Cotton Combed] White T-Shirt M 20s,White,M,Cotton Combed,0,28000,https://drive.google.com/file/d/1O-8Dt8OnMpFa-NFLawEYCJz4Vom84ctG/view?usp=share_link,CS021
25,[Polyester] Black T-Shirt M,Black,M,Polyester,0,26000,https://drive.google.com/file/d/1_BEPix2AG5EgKZ078_6te0ejXGahrk4-/view?usp=share_link,CS005
25,[Polyester] Black T-Shirt M,Black,M,Polyester,0,26000,https://drive.google.com/file/d/1_BEPix2AG5EgKZ078_6te0ejXGahrk4-/view?usp=share_link,CS016
25,[Polyester] Black T-Shirt M,Black,M,Polyester,0,26000,https://drive.google.com/file/d/1_BEPix2AG5EgKZ078_6te0ejXGahrk4-/view?usp=share_link,CS032
26,[Polyester] Grey T-Shirt M,Grey,M,Polyester,0,26000,https://drive.google.com/file/d/1LT0x19DHadkDdyXITOmK239MfZ3KVOAt/view?usp=share_link,CS002
26,[Polyester] Grey T-Shirt M,Grey,M,Polyester,0,26000,https://drive.google.com/file/d/1LT0x19DHadkDdyXITOmK239MfZ3KVOAt/view?usp=share_link,CS019
26,[Polyester] Grey T-Shirt M,Grey,M,Polyester,30s,26000,https://drive.google.com/file/d/1LT0x19DHadkDdyXITOmK239MfZ3KVOAt/view?usp=share_link,CS004
26,[Polyester] Grey T-Shirt M,Grey,M,Polyester,30s,26000,https://drive.google.com/file/d/1LT0x19DHadkDdyXITOmK239MfZ3KVOAt/view?usp=share_link,CS022
26,[Polyester] Grey T-Shirt M,Grey,M,Polyester,20s,26000,https://drive.google.com/file/d/1LT0x19DHadkDdyXITOmK239MfZ3KVOAt/view?usp=share_link,CS013
26,[Polyester] Grey T-Shirt M,Grey,M,Polyester,24s,26000,https://drive.google.com/file/d/1LT0x19DHadkDdyXITOmK239MfZ3KVOAt/view?usp=share_link,CS035
27,[Polyester] Maroon T-Shirt M,Maroon,M,Polyester,0,26000,https://drive.google.com/file/d/1STD1zhpYIx4rREEXExLm0AWDem7ObqNV/view?usp=sharing,CS031
28,[Polyester] Mustard T-Shirt M,Mustard,M,Polyester,0,26000,https://drive.google.com/file/d/1EF9kV-UhJShCQcmG7_B9gdeDJqmYqdmU/view?usp=share_link,CS002
28,[Polyester] Mustard T-Shirt M,Mustard,M,Polyester,0,26000,https://drive.google.com/file/d/1EF9kV-UhJShCQcmG7_B9gdeDJqmYqdmU/view?usp=share_link,CS023
28,[Polyester] Mustard T-Shirt M,Mustard,M,Polyester,0,26000,https://drive.google.com/file/d/1EF9kV-UhJShCQcmG7_B9gdeDJqmYqdmU/view?usp=share_link,CS030
28,[Polyester] Mustard T-Shirt M,Mustard,M,Polyester,20s,26000,https://drive.google.com/file/d/1EF9kV-UhJShCQcmG7_B9gdeDJqmYqdmU/view?usp=share_link,CS029
29,[Polyester] Sage T-Shirt M,Sage,M,Polyester,0,26000,https://drive.google.com/file/d/1aSSPSUeAhL5BkOldKSl15Q6z1JJTLR8a/view?usp=share_link,CS002
29,[Polyester] Sage T-Shirt M,Sage,M,Polyester,0,26000,https://drive.google.com/file/d/1aSSPSUeAhL5BkOldKSl15Q6z1JJTLR8a/view?usp=share_link,CS012
29,[Polyester] Sage T-Shirt M,Sage,M,Polyester,0,26000,https://drive.google.com/file/d/1aSSPSUeAhL5BkOldKSl15Q6z1JJTLR8a/view?usp=share_link,CS020
29,[Polyester] Sage T-Shirt M,Sage,M,Polyester,0,26000,https://drive.google.com/file/d/1aSSPSUeAhL5BkOldKSl15Q6z1JJTLR8a/view?usp=share_link,CS025
29,[Polyester] Sage T-Shirt M,Sage,M,Polyester,0,26000,https://drive.google.com/file/d/1aSSPSUeAhL5BkOldKSl15Q6z1JJTLR8a/view?usp=share_link,CS029
29,[Polyester] Sage T-Shirt M,Sage,M,Polyester,0,26000,https://drive.google.com/file/d/1aSSPSUeAhL5BkOldKSl15Q6z1JJTLR8a/view?usp=share_link,CS045
29,[Polyester] Sage T-Shirt M,Sage,M,Polyester,24s,26000,https://drive.google.com/file/d/1aSSPSUeAhL5BkOldKSl15Q6z1JJTLR8a/view?usp=share_link,CS013
30,[Polyester] White T-Shirt M,White,M,Polyester,0,26000,https://drive.google.com/file/d/1IPzZvNJa0rwhfScba48xVRsRnsMdeTJR/view?usp=share_link,CS030
30,[Polyester] White T-Shirt M,White,M,Polyester,0,26000,https://drive.google.com/file/d/1IPzZvNJa0rwhfScba48xVRsRnsMdeTJR/view?usp=share_link,CS045
30,[Polyester] White T-Shirt M,White,M,Polyester,20s,26000,https://drive.google.com/file/d/1IPzZvNJa0rwhfScba48xVRsRnsMdeTJR/view?usp=share_link,CS010
30,[Polyester] White T-Shirt M,White,M,Polyester,20s,26000,https://drive.google.com/file/d/1IPzZvNJa0rwhfScba48xVRsRnsMdeTJR/view?usp=share_link,CS025
30,[Polyester] White T-Shirt M,White,M,Polyester,20s,26000,https://drive.google.com/file/d/1IPzZvNJa0rwhfScba48xVRsRnsMdeTJR/view?usp=share_link,CS029
30,[Polyester] White T-Shirt M,White,M,Polyester,30s,26000,https://drive.google.com/file/d/1IPzZvNJa0rwhfScba48xVRsRnsMdeTJR/view?usp=share_link,CS027
31,[Spandex] Black T-Shirt M,Black,M,Spandex,0,30000,https://drive.google.com/file/d/1vnhn7Q0HHaJKgIBKVz1vWms4e4-vyJxc/view?usp=share_link,CS014
31,[Spandex] Black T-Shirt M,Black,M,Spandex,0,30000,https://drive.google.com/file/d/1vnhn7Q0HHaJKgIBKVz1vWms4e4-vyJxc/view?usp=share_link,CS019
31,[Spandex] Black T-Shirt M,Black,M,Spandex,0,30000,https://drive.google.com/file/d/1vnhn7Q0HHaJKgIBKVz1vWms4e4-vyJxc/view?usp=share_link,CS024
31,[Spandex] Black T-Shirt M,Black,M,Spandex,24s,30000,https://drive.google.com/file/d/1vnhn7Q0HHaJKgIBKVz1vWms4e4-vyJxc/view?usp=share_link,CS025
32,[Spandex] Grey T-Shirt M,Grey,M,Spandex,0,30000,https://drive.google.com/file/d/1vnhn7Q0HHaJKgIBKVz1vWms4e4-vyJxc/view?usp=share_link,CS002
32,[Spandex] Grey T-Shirt M,Grey,M,Spandex,0,30000,https://drive.google.com/file/d/1vnhn7Q0HHaJKgIBKVz1vWms4e4-vyJxc/view?usp=share_link,CS030
32,[Spandex] Grey T-Shirt M,Grey,M,Spandex,20s,30000,https://drive.google.com/file/d/1vnhn7Q0HHaJKgIBKVz1vWms4e4-vyJxc/view?usp=share_link,CS035
33,[Spandex] Maroon T-Shirt M,Maroon,M,Spandex,0,30000,https://drive.google.com/file/d/1fGquBYN2XZQJJ02REcYpfHh1IQTXSqiL/view?usp=share_link,CS002
33,[Spandex] Maroon T-Shirt M,Maroon,M,Spandex,0,30000,https://drive.google.com/file/d/1fGquBYN2XZQJJ02REcYpfHh1IQTXSqiL/view?usp=share_link,CS010
33,[Spandex] Maroon T-Shirt M,Maroon,M,Spandex,0,30000,https://drive.google.com/file/d/1fGquBYN2XZQJJ02REcYpfHh1IQTXSqiL/view?usp=share_link,CS026
33,[Spandex] Maroon T-Shirt M,Maroon,M,Spandex,20s,30000,https://drive.google.com/file/d/1fGquBYN2XZQJJ02REcYpfHh1IQTXSqiL/view?usp=share_link,CS011
33,[Spandex] Maroon T-Shirt M,Maroon,M,Spandex,24s,30000,https://drive.google.com/file/d/1fGquBYN2XZQJJ02REcYpfHh1IQTXSqiL/view?usp=share_link,CS033
34,[Spandex] Mustard T-Shirt M,Mustard,M,Spandex,0,30000,https://drive.google.com/file/d/1s8YswKjvcr2zxmDFC_kAwDqjBVUKNKs-/view?usp=share_link,CS016
34,[Spandex] Mustard T-Shirt M,Mustard,M,Spandex,0,30000,https://drive.google.com/file/d/1s8YswKjvcr2zxmDFC_kAwDqjBVUKNKs-/view?usp=share_link,CS018
34,[Spandex] Mustard T-Shirt M,Mustard,M,Spandex,0,30000,https://drive.google.com/file/d/1s8YswKjvcr2zxmDFC_kAwDqjBVUKNKs-/view?usp=share_link,CS030
34,[Spandex] Mustard T-Shirt M,Mustard,M,Spandex,24s,30000,https://drive.google.com/file/d/1s8YswKjvcr2zxmDFC_kAwDqjBVUKNKs-/view?usp=share_link,CS001
34,[Spandex] Mustard T-Shirt M,Mustard,M,Spandex,30s,30000,https://drive.google.com/file/d/1s8YswKjvcr2zxmDFC_kAwDqjBVUKNKs-/view?usp=share_link,CS028
35,[Spandex] Sage T-Shirt M,Sage,M,Spandex,0,30000,https://drive.google.com/file/d/1wbZh4_txeFqS07KY3LrV8Zgsxcvd0qjN/view?usp=share_link,CS021
35,[Spandex] Sage T-Shirt M,Sage,M,Spandex,20s,30000,https://drive.google.com/file/d/1wbZh4_txeFqS07KY3LrV8Zgsxcvd0qjN/view?usp=share_link,CS001
35,[Spandex] Sage T-Shirt M,Sage,M,Spandex,20s,30000,https://drive.google.com/file/d/1wbZh4_txeFqS07KY3LrV8Zgsxcvd0qjN/view?usp=share_link,CS001
35,[Spandex] Sage T-Shirt M,Sage,M,Spandex,20s,30000,https://drive.google.com/file/d/1wbZh4_txeFqS07KY3LrV8Zgsxcvd0qjN/view?usp=share_link,CS035
35,[Spandex] Sage T-Shirt M,Sage,M,Spandex,24s,30000,https://drive.google.com/file/d/1wbZh4_txeFqS07KY3LrV8Zgsxcvd0qjN/view?usp=share_link,CS017
35,[Spandex] Sage T-Shirt M,Sage,M,Spandex,30s,30000,https://drive.google.com/file/d/1wbZh4_txeFqS07KY3LrV8Zgsxcvd0qjN/view?usp=share_link,CS027
36,[Spandex] White T-Shirt M,White,M,Spandex,0,30000,https://drive.google.com/file/d/1JVcjODCYziQykTH37tWJ77NCbOuxfT4l/view?usp=share_link,CS009
36,[Spandex] White T-Shirt M,White,M,Spandex,0,30000,https://drive.google.com/file/d/1JVcjODCYziQykTH37tWJ77NCbOuxfT4l/view?usp=share_link,CS029
37,[Cotton Combed] Black T-Shirt L 20s,Black,L,Cotton Combed,20s,30000,https://drive.google.com/file/d/1vTjsa6cHpNKIAW2RnEYqCnpBIpQPuiqe/view?usp=share_link,CS031
37,[Cotton Combed] Black T-Shirt L 20s,Black,L,Cotton Combed,0,30000,https://drive.google.com/file/d/1vTjsa6cHpNKIAW2RnEYqCnpBIpQPuiqe/view?usp=share_link,CS032
38,[Cotton Combed] Grey T-Shirt L 20s,Grey,L,Cotton Combed,20s,30000,https://drive.google.com/file/d/12VlmrpPKReSwfVBEejdJ2clcg8LuGmAe/view?usp=share_link,CS036
38,[Cotton Combed] Grey T-Shirt L 20s,Grey,L,Cotton Combed,0,30000,https://drive.google.com/file/d/12VlmrpPKReSwfVBEejdJ2clcg8LuGmAe/view?usp=share_link,CS022
39,[Cotton Combed] Maroon T-Shirt L 20s,Maroon,L,Cotton Combed,20s,30000,https://drive.google.com/file/d/1sQ2EaS-xeWdQKQt8PBktDGxgJGbLjEzJ/view?usp=share_link,CS008
39,[Cotton Combed] Maroon T-Shirt L 20s,Maroon,L,Cotton Combed,20s,30000,https://drive.google.com/file/d/1sQ2EaS-xeWdQKQt8PBktDGxgJGbLjEzJ/view?usp=share_link,CS021
39,[Cotton Combed] Maroon T-Shirt L 20s,Maroon,L,Cotton Combed,20s,30000,https://drive.google.com/file/d/1sQ2EaS-xeWdQKQt8PBktDGxgJGbLjEzJ/view?usp=share_link,CS025
39,[Cotton Combed] Maroon T-Shirt L 20s,Maroon,L,Cotton Combed,0,30000,https://drive.google.com/file/d/1sQ2EaS-xeWdQKQt8PBktDGxgJGbLjEzJ/view?usp=share_link,CS016
40,[Cotton Combed] Mustard T-Shirt L 20s,Mustard,L,Cotton Combed,20s,30000,https://drive.google.com/file/d/1o3VEf__eBotw7r6QHnUsR-pBLpBZ1tDT/view?usp=share_link,CS036
41,[Cotton Combed] Sage T-Shirt L 20s,Sage,L,Cotton Combed,20s,30000,https://drive.google.com/file/d/1oXYXv26Gs0I4yuXNhfkas7r-ZRLK_Kg4/view?usp=share_link,CS029
41,[Cotton Combed] Sage T-Shirt L 20s,Sage,L,Cotton Combed,0,30000,https://drive.google.com/file/d/1oXYXv26Gs0I4yuXNhfkas7r-ZRLK_Kg4/view?usp=share_link,CS025
42,[Cotton Combed] White T-Shirt L 20s,White,L,Cotton Combed,20s,30000,https://drive.google.com/file/d/1O-8Dt8OnMpFa-NFLawEYCJz4Vom84ctG/view?usp=share_link,CS036
43,[Polyester] Black T-Shirt L,Black,L,Polyester,0,28000,https://drive.google.com/file/d/1_BEPix2AG5EgKZ078_6te0ejXGahrk4-/view?usp=share_link,CS006
43,[Polyester] Black T-Shirt L,Black,L,Polyester,0,28000,https://drive.google.com/file/d/1_BEPix2AG5EgKZ078_6te0ejXGahrk4-/view?usp=share_link,CS013
43,[Polyester] Black T-Shirt L,Black,L,Polyester,0,28000,https://drive.google.com/file/d/1_BEPix2AG5EgKZ078_6te0ejXGahrk4-/view?usp=share_link,CS015
43,[Polyester] Black T-Shirt L,Black,L,Polyester,0,28000,https://drive.google.com/file/d/1_BEPix2AG5EgKZ078_6te0ejXGahrk4-/view?usp=share_link,CS017
43,[Polyester] Black T-Shirt L,Black,L,Polyester,0,28000,https://drive.google.com/file/d/1_BEPix2AG5EgKZ078_6te0ejXGahrk4-/view?usp=share_link,CS023
43,[Polyester] Black T-Shirt L,Black,L,Polyester,0,28000,https://drive.google.com/file/d/1_BEPix2AG5EgKZ078_6te0ejXGahrk4-/view?usp=share_link,CS032
43,[Polyester] Black T-Shirt L,Black,L,Polyester,0,28000,https://drive.google.com/file/d/1_BEPix2AG5EgKZ078_6te0ejXGahrk4-/view?usp=share_link,CS035
43,[Polyester] Black T-Shirt L,Black,L,Polyester,20s,28000,https://drive.google.com/file/d/1_BEPix2AG5EgKZ078_6te0ejXGahrk4-/view?usp=share_link,CS019
44,[Polyester] Grey T-Shirt L,Grey,L,Polyester,0,28000,https://drive.google.com/file/d/1LT0x19DHadkDdyXITOmK239MfZ3KVOAt/view?usp=share_link,CS017
45,[Polyester] Maroon T-Shirt L,Maroon,L,Polyester,0,28000,https://drive.google.com/file/d/1STD1zhpYIx4rREEXExLm0AWDem7ObqNV/view?usp=sharing,CS002
45,[Polyester] Maroon T-Shirt L,Maroon,L,Polyester,0,28000,https://drive.google.com/file/d/1STD1zhpYIx4rREEXExLm0AWDem7ObqNV/view?usp=sharing,CS006
45,[Polyester] Maroon T-Shirt L,Maroon,L,Polyester,0,28000,https://drive.google.com/file/d/1STD1zhpYIx4rREEXExLm0AWDem7ObqNV/view?usp=sharing,CS009
45,[Polyester] Maroon T-Shirt L,Maroon,L,Polyester,20s,28000,https://drive.google.com/file/d/1STD1zhpYIx4rREEXExLm0AWDem7ObqNV/view?usp=sharing,CS031
46,[Polyester] Mustard T-Shirt L,Mustard,L,Polyester,0,28000,https://drive.google.com/file/d/1EF9kV-UhJShCQcmG7_B9gdeDJqmYqdmU/view?usp=share_link,CS019
46,[Polyester] Mustard T-Shirt L,Mustard,L,Polyester,0,28000,https://drive.google.com/file/d/1EF9kV-UhJShCQcmG7_B9gdeDJqmYqdmU/view?usp=share_link,CS022
46,[Polyester] Mustard T-Shirt L,Mustard,L,Polyester,0,28000,https://drive.google.com/file/d/1EF9kV-UhJShCQcmG7_B9gdeDJqmYqdmU/view?usp=share_link,CS027
46,[Polyester] Mustard T-Shirt L,Mustard,L,Polyester,20s,28000,https://drive.google.com/file/d/1EF9kV-UhJShCQcmG7_B9gdeDJqmYqdmU/view?usp=share_link,CS034
47,[Polyester] Sage T-Shirt L,Sage,L,Polyester,0,28000,https://drive.google.com/file/d/1aSSPSUeAhL5BkOldKSl15Q6z1JJTLR8a/view?usp=share_link,CS001
47,[Polyester] Sage T-Shirt L,Sage,L,Polyester,0,28000,https://drive.google.com/file/d/1aSSPSUeAhL5BkOldKSl15Q6z1JJTLR8a/view?usp=share_link,CS006
47,[Polyester] Sage T-Shirt L,Sage,L,Polyester,0,28000,https://drive.google.com/file/d/1aSSPSUeAhL5BkOldKSl15Q6z1JJTLR8a/view?usp=share_link,CS007
47,[Polyester] Sage T-Shirt L,Sage,L,Polyester,0,28000,https://drive.google.com/file/d/1aSSPSUeAhL5BkOldKSl15Q6z1JJTLR8a/view?usp=share_link,CS007
47,[Polyester] Sage T-Shirt L,Sage,L,Polyester,0,28000,https://drive.google.com/file/d/1aSSPSUeAhL5BkOldKSl15Q6z1JJTLR8a/view?usp=share_link,CS014
47,[Polyester] Sage T-Shirt L,Sage,L,Polyester,0,28000,https://drive.google.com/file/d/1aSSPSUeAhL5BkOldKSl15Q6z1JJTLR8a/view?usp=share_link,CS033
47,[Polyester] Sage T-Shirt L,Sage,L,Polyester,0,28000,https://drive.google.com/file/d/1aSSPSUeAhL5BkOldKSl15Q6z1JJTLR8a/view?usp=share_link,CS035
48,[Polyester] White T-Shirt L,White,L,Polyester,0,28000,https://drive.google.com/file/d/1IPzZvNJa0rwhfScba48xVRsRnsMdeTJR/view?usp=share_link,CS006
48,[Polyester] White T-Shirt L,White,L,Polyester,0,28000,https://drive.google.com/file/d/1IPzZvNJa0rwhfScba48xVRsRnsMdeTJR/view?usp=share_link,CS017
48,[Polyester] White T-Shirt L,White,L,Polyester,0,28000,https://drive.google.com/file/d/1IPzZvNJa0rwhfScba48xVRsRnsMdeTJR/view?usp=share_link,CS020
48,[Polyester] White T-Shirt L,White,L,Polyester,24s,28000,https://drive.google.com/file/d/1IPzZvNJa0rwhfScba48xVRsRnsMdeTJR/view?usp=share_link,CS010
48,[Polyester] White T-Shirt L,White,L,Polyester,20s,28000,https://drive.google.com/file/d/1IPzZvNJa0rwhfScba48xVRsRnsMdeTJR/view?usp=share_link,CS023
49,[Spandex] Black T-Shirt L,Black,L,Spandex,0,32000,https://drive.google.com/file/d/1vnhn7Q0HHaJKgIBKVz1vWms4e4-vyJxc/view?usp=share_link,CS006
49,[Spandex] Black T-Shirt L,Black,L,Spandex,0,32000,https://drive.google.com/file/d/1vnhn7Q0HHaJKgIBKVz1vWms4e4-vyJxc/view?usp=share_link,CS025
49,[Spandex] Black T-Shirt L,Black,L,Spandex,24s,32000,https://drive.google.com/file/d/1vnhn7Q0HHaJKgIBKVz1vWms4e4-vyJxc/view?usp=share_link,CS009
50,[Spandex] Grey T-Shirt L,Grey,L,Spandex,0,32000,https://drive.google.com/file/d/1vnhn7Q0HHaJKgIBKVz1vWms4e4-vyJxc/view?usp=share_link,CS020
51,[Spandex] Maroon T-Shirt L,Maroon,L,Spandex,0,32000,https://drive.google.com/file/d/1fGquBYN2XZQJJ02REcYpfHh1IQTXSqiL/view?usp=share_link,CS007
51,[Spandex] Maroon T-Shirt L,Maroon,L,Spandex,24s,32000,https://drive.google.com/file/d/1fGquBYN2XZQJJ02REcYpfHh1IQTXSqiL/view?usp=share_link,CS006
51,[Spandex] Maroon T-Shirt L,Maroon,L,Spandex,24s,32000,https://drive.google.com/file/d/1fGquBYN2XZQJJ02REcYpfHh1IQTXSqiL/view?usp=share_link,CS011
52,[Spandex] Mustard T-Shirt L,Mustard,L,Spandex,0,32000,https://drive.google.com/file/d/1s8YswKjvcr2zxmDFC_kAwDqjBVUKNKs-/view?usp=share_link,CS004
52,[Spandex] Mustard T-Shirt L,Mustard,L,Spandex,0,32000,https://drive.google.com/file/d/1s8YswKjvcr2zxmDFC_kAwDqjBVUKNKs-/view?usp=share_link,CS008
52,[Spandex] Mustard T-Shirt L,Mustard,L,Spandex,0,32000,https://drive.google.com/file/d/1s8YswKjvcr2zxmDFC_kAwDqjBVUKNKs-/view?usp=share_link,CS009
52,[Spandex] Mustard T-Shirt L,Mustard,L,Spandex,0,32000,https://drive.google.com/file/d/1s8YswKjvcr2zxmDFC_kAwDqjBVUKNKs-/view?usp=share_link,CS011
52,[Spandex] Mustard T-Shirt L,Mustard,L,Spandex,0,32000,https://drive.google.com/file/d/1s8YswKjvcr2zxmDFC_kAwDqjBVUKNKs-/view?usp=share_link,CS015
52,[Spandex] Mustard T-Shirt L,Mustard,L,Spandex,0,32000,https://drive.google.com/file/d/1s8YswKjvcr2zxmDFC_kAwDqjBVUKNKs-/view?usp=share_link,CS028
52,[Spandex] Mustard T-Shirt L,Mustard,L,Spandex,0,32000,https://drive.google.com/file/d/1s8YswKjvcr2zxmDFC_kAwDqjBVUKNKs-/view?usp=share_link,CS029
52,[Spandex] Mustard T-Shirt L,Mustard,L,Spandex,0,32000,https://drive.google.com/file/d/1s8YswKjvcr2zxmDFC_kAwDqjBVUKNKs-/view?usp=share_link,CS032
52,[Spandex] Mustard T-Shirt L,Mustard,L,Spandex,0,32000,https://drive.google.com/file/d/1s8YswKjvcr2zxmDFC_kAwDqjBVUKNKs-/view?usp=share_link,CS035
52,[Spandex] Mustard T-Shirt L,Mustard,L,Spandex,0,32000,https://drive.google.com/file/d/1s8YswKjvcr2zxmDFC_kAwDqjBVUKNKs-/view?usp=share_link,CS045
53,[Spandex] Sage T-Shirt L,Sage,L,Spandex,0,32000,https://drive.google.com/file/d/1wbZh4_txeFqS07KY3LrV8Zgsxcvd0qjN/view?usp=share_link,CS024
53,[Spandex] Sage T-Shirt L,Sage,L,Spandex,20s,32000,https://drive.google.com/file/d/1wbZh4_txeFqS07KY3LrV8Zgsxcvd0qjN/view?usp=share_link,CS012
53,[Spandex] Sage T-Shirt L,Sage,L,Spandex,30s,32000,https://drive.google.com/file/d/1wbZh4_txeFqS07KY3LrV8Zgsxcvd0qjN/view?usp=share_link,CS031
54,[Spandex] White T-Shirt L,White,L,Spandex,0,32000,https://drive.google.com/file/d/1JVcjODCYziQykTH37tWJ77NCbOuxfT4l/view?usp=share_link,CS005
54,[Spandex] White T-Shirt L,White,L,Spandex,0,32000,https://drive.google.com/file/d/1JVcjODCYziQykTH37tWJ77NCbOuxfT4l/view?usp=share_link,CS011
54,[Spandex] White T-Shirt L,White,L,Spandex,0,32000,https://drive.google.com/file/d/1JVcjODCYziQykTH37tWJ77NCbOuxfT4l/view?usp=share_link,CS013
54,[Spandex] White T-Shirt L,White,L,Spandex,0,32000,https://drive.google.com/file/d/1JVcjODCYziQykTH37tWJ77NCbOuxfT4l/view?usp=share_link,CS014
54,[Spandex] White T-Shirt L,White,L,Spandex,0,32000,https://drive.google.com/file/d/1JVcjODCYziQykTH37tWJ77NCbOuxfT4l/view?usp=share_link,CS024
54,[Spandex] White T-Shirt L,White,L,Spandex,0,32000,https://drive.google.com/file/d/1JVcjODCYziQykTH37tWJ77NCbOuxfT4l/view?usp=share_link,CS033
54,[Spandex] White T-Shirt L,White,L,Spandex,0,32000,https://drive.google.com/file/d/1JVcjODCYziQykTH37tWJ77NCbOuxfT4l/view?usp=share_link,CS033
54,[Spandex] White T-Shirt L,White,L,Spandex,20s,32000,https://drive.google.com/file/d/1JVcjODCYziQykTH37tWJ77NCbOuxfT4l/view?usp=share_link,CS016
54,[Spandex] White T-Shirt L,White,L,Spandex,24s,32000,https://drive.google.com/file/d/1JVcjODCYziQykTH37tWJ77NCbOuxfT4l/view?usp=share_link,CS025
55,[Cotton Combed] Black T-Shirt XL 20s,Black,XL,Cotton Combed,20s,31000,https://drive.google.com/file/d/1vTjsa6cHpNKIAW2RnEYqCnpBIpQPuiqe/view?usp=share_link,CS037
55,[Cotton Combed] Black T-Shirt XL 20s,Black,XL,Cotton Combed,0,31000,https://drive.google.com/file/d/1vTjsa6cHpNKIAW2RnEYqCnpBIpQPuiqe/view?usp=share_link,CS034
56,[Cotton Combed] Grey T-Shirt XL 20s,Grey,XL,Cotton Combed,20s,31000,https://drive.google.com/file/d/12VlmrpPKReSwfVBEejdJ2clcg8LuGmAe/view?usp=share_link,CS037
56,[Cotton Combed] Grey T-Shirt XL 20s,Grey,XL,Cotton Combed,20s,31000,https://drive.google.com/file/d/12VlmrpPKReSwfVBEejdJ2clcg8LuGmAe/view?usp=share_link,CS043
57,[Cotton Combed] Maroon T-Shirt XL 20s,Maroon,XL,Cotton Combed,20s,31000,https://drive.google.com/file/d/1sQ2EaS-xeWdQKQt8PBktDGxgJGbLjEzJ/view?usp=share_link,CS037
57,[Cotton Combed] Maroon T-Shirt XL 20s,Maroon,XL,Cotton Combed,20s,31000,https://drive.google.com/file/d/1sQ2EaS-xeWdQKQt8PBktDGxgJGbLjEzJ/view?usp=share_link,CS043
58,[Cotton Combed] Mustard T-Shirt XL 20s,Mustard,XL,Cotton Combed,20s,31000,https://drive.google.com/file/d/1o3VEf__eBotw7r6QHnUsR-pBLpBZ1tDT/view?usp=share_link,CS025
58,[Cotton Combed] Mustard T-Shirt XL 20s,Mustard,XL,Cotton Combed,0,31000,https://drive.google.com/file/d/1o3VEf__eBotw7r6QHnUsR-pBLpBZ1tDT/view?usp=share_link,CS032
59,[Cotton Combed] Sage T-Shirt XL 20s,Sage,XL,Cotton Combed,20s,31000,https://drive.google.com/file/d/1oXYXv26Gs0I4yuXNhfkas7r-ZRLK_Kg4/view?usp=share_link,CS037
59,[Cotton Combed] Sage T-Shirt XL 20s,Sage,XL,Cotton Combed,20s,31000,https://drive.google.com/file/d/1oXYXv26Gs0I4yuXNhfkas7r-ZRLK_Kg4/view?usp=share_link,CS043
59,[Cotton Combed] Sage T-Shirt XL 20s,Sage,XL,Cotton Combed,0,31000,https://drive.google.com/file/d/1oXYXv26Gs0I4yuXNhfkas7r-ZRLK_Kg4/view?usp=share_link,CS010
60,[Cotton Combed] White T-Shirt XL 20s,White,XL,Cotton Combed,20s,31000,https://drive.google.com/file/d/1O-8Dt8OnMpFa-NFLawEYCJz4Vom84ctG/view?usp=share_link,CS037
61,[Polyester] Black T-Shirt XL,Black,XL,Polyester,0,29000,https://drive.google.com/file/d/1_BEPix2AG5EgKZ078_6te0ejXGahrk4-/view?usp=share_link,CS008
61,[Polyester] Black T-Shirt XL,Black,XL,Polyester,0,29000,https://drive.google.com/file/d/1_BEPix2AG5EgKZ078_6te0ejXGahrk4-/view?usp=share_link,CS013
61,[Polyester] Black T-Shirt XL,Black,XL,Polyester,0,29000,https://drive.google.com/file/d/1_BEPix2AG5EgKZ078_6te0ejXGahrk4-/view?usp=share_link,CS022
61,[Polyester] Black T-Shirt XL,Black,XL,Polyester,0,29000,https://drive.google.com/file/d/1_BEPix2AG5EgKZ078_6te0ejXGahrk4-/view?usp=share_link,CS032
61,[Polyester] Black T-Shirt XL,Black,XL,Polyester,24s,29000,https://drive.google.com/file/d/1_BEPix2AG5EgKZ078_6te0ejXGahrk4-/view?usp=share_link,CS010
62,[Polyester] Grey T-Shirt XL,Grey,XL,Polyester,0,29000,https://drive.google.com/file/d/1LT0x19DHadkDdyXITOmK239MfZ3KVOAt/view?usp=share_link,CS011
62,[Polyester] Grey T-Shirt XL,Grey,XL,Polyester,0,29000,https://drive.google.com/file/d/1LT0x19DHadkDdyXITOmK239MfZ3KVOAt/view?usp=share_link,CS023
62,[Polyester] Grey T-Shirt XL,Grey,XL,Polyester,0,29000,https://drive.google.com/file/d/1LT0x19DHadkDdyXITOmK239MfZ3KVOAt/view?usp=share_link,CS024
62,[Polyester] Grey T-Shirt XL,Grey,XL,Polyester,0,29000,https://drive.google.com/file/d/1LT0x19DHadkDdyXITOmK239MfZ3KVOAt/view?usp=share_link,CS034
62,[Polyester] Grey T-Shirt XL,Grey,XL,Polyester,0,29000,https://drive.google.com/file/d/1LT0x19DHadkDdyXITOmK239MfZ3KVOAt/view?usp=share_link,CS035
62,[Polyester] Grey T-Shirt M,Grey,XL,Polyester,20s,29000,https://drive.google.com/file/d/1LT0x19DHadkDdyXITOmK239MfZ3KVOAt/view?usp=share_link,CS004
63,[Polyester] Maroon T-Shirt XL,Maroon,XL,Polyester,0,29000,https://drive.google.com/file/d/1STD1zhpYIx4rREEXExLm0AWDem7ObqNV/view?usp=sharing,CS024
63,[Polyester] Maroon T-Shirt XL,Maroon,XL,Polyester,0,29000,https://drive.google.com/file/d/1STD1zhpYIx4rREEXExLm0AWDem7ObqNV/view?usp=sharing,CS033
63,[Polyester] Maroon T-Shirt XL,Maroon,XL,Polyester,20s,29000,https://drive.google.com/file/d/1STD1zhpYIx4rREEXExLm0AWDem7ObqNV/view?usp=sharing,CS001
63,[Polyester] Maroon T-Shirt XL,Maroon,XL,Polyester,20s,29000,https://drive.google.com/file/d/1STD1zhpYIx4rREEXExLm0AWDem7ObqNV/view?usp=sharing,CS022
64,[Polyester] Mustard T-Shirt XL,Mustard,XL,Polyester,0,29000,https://drive.google.com/file/d/1EF9kV-UhJShCQcmG7_B9gdeDJqmYqdmU/view?usp=share_link,CS024
64,[Polyester] Mustard T-Shirt XL,Mustard,XL,Polyester,20s,29000,https://drive.google.com/file/d/1EF9kV-UhJShCQcmG7_B9gdeDJqmYqdmU/view?usp=share_link,CS005
65,[Polyester] Sage T-Shirt XL,Sage,XL,Polyester,0,29000,https://drive.google.com/file/d/1aSSPSUeAhL5BkOldKSl15Q6z1JJTLR8a/view?usp=share_link,CS002
65,[Polyester] Sage T-Shirt XL,Sage,XL,Polyester,0,29000,https://drive.google.com/file/d/1aSSPSUeAhL5BkOldKSl15Q6z1JJTLR8a/view?usp=share_link,CS004
65,[Polyester] Sage T-Shirt XL,Sage,XL,Polyester,0,29000,https://drive.google.com/file/d/1aSSPSUeAhL5BkOldKSl15Q6z1JJTLR8a/view?usp=share_link,CS020
66,[Polyester] White T-Shirt XL,White,XL,Polyester,0,29000,https://drive.google.com/file/d/1IPzZvNJa0rwhfScba48xVRsRnsMdeTJR/view?usp=share_link,CS010
66,[Polyester] White T-Shirt XL,White,XL,Polyester,0,29000,https://drive.google.com/file/d/1IPzZvNJa0rwhfScba48xVRsRnsMdeTJR/view?usp=share_link,CS014
66,[Polyester] White T-Shirt XL,White,XL,Polyester,0,29000,https://drive.google.com/file/d/1IPzZvNJa0rwhfScba48xVRsRnsMdeTJR/view?usp=share_link,CS022
66,[Polyester] White T-Shirt XL,White,XL,Polyester,0,29000,https://drive.google.com/file/d/1IPzZvNJa0rwhfScba48xVRsRnsMdeTJR/view?usp=share_link,CS028
66,[Polyester] White T-Shirt XL,White,XL,Polyester,0,29000,https://drive.google.com/file/d/1IPzZvNJa0rwhfScba48xVRsRnsMdeTJR/view?usp=share_link,CS044
67,[Spandex] Black T-Shirt XL,Black,XL,Spandex,0,33000,https://drive.google.com/file/d/1vnhn7Q0HHaJKgIBKVz1vWms4e4-vyJxc/view?usp=share_link,CS020
67,[Spandex] Black T-Shirt XL,Black,XL,Spandex,0,33000,https://drive.google.com/file/d/1vnhn7Q0HHaJKgIBKVz1vWms4e4-vyJxc/view?usp=share_link,CS027
67,[Spandex] Black T-Shirt XL,Black,XL,Spandex,24s,33000,https://drive.google.com/file/d/1vnhn7Q0HHaJKgIBKVz1vWms4e4-vyJxc/view?usp=share_link,CS008
68,[Spandex] Grey T-Shirt XL,Grey,XL,Spandex,0,33000,https://drive.google.com/file/d/1vnhn7Q0HHaJKgIBKVz1vWms4e4-vyJxc/view?usp=share_link,CS005
68,[Spandex] Grey T-Shirt XL,Grey,XL,Spandex,0,33000,https://drive.google.com/file/d/1vnhn7Q0HHaJKgIBKVz1vWms4e4-vyJxc/view?usp=share_link,CS010
68,[Spandex] Grey T-Shirt XL,Grey,XL,Spandex,0,33000,https://drive.google.com/file/d/1vnhn7Q0HHaJKgIBKVz1vWms4e4-vyJxc/view?usp=share_link,CS021
68,[Spandex] Grey T-Shirt XL,Grey,XL,Spandex,0,33000,https://drive.google.com/file/d/1vnhn7Q0HHaJKgIBKVz1vWms4e4-vyJxc/view?usp=share_link,CS022
68,[Spandex] Grey T-Shirt XL,Grey,XL,Spandex,0,33000,https://drive.google.com/file/d/1vnhn7Q0HHaJKgIBKVz1vWms4e4-vyJxc/view?usp=share_link,CS023
68,[Spandex] Grey T-Shirt XL,Grey,XL,Spandex,20s,33000,https://drive.google.com/file/d/1vnhn7Q0HHaJKgIBKVz1vWms4e4-vyJxc/view?usp=share_link,CS003
68,[Spandex] Grey T-Shirt XL,Grey,XL,Spandex,20s,33000,https://drive.google.com/file/d/1vnhn7Q0HHaJKgIBKVz1vWms4e4-vyJxc/view?usp=share_link,CS019
68,[Spandex] Grey T-Shirt XL,Grey,XL,Spandex,30s,33000,https://drive.google.com/file/d/1vnhn7Q0HHaJKgIBKVz1vWms4e4-vyJxc/view?usp=share_link,CS009
68,[Spandex] Grey T-Shirt XL,Grey,XL,Spandex,30s,33000,https://drive.google.com/file/d/1vnhn7Q0HHaJKgIBKVz1vWms4e4-vyJxc/view?usp=share_link,CS028
69,[Spandex] Maroon T-Shirt XL,Maroon,XL,Spandex,0,33000,https://drive.google.com/file/d/1fGquBYN2XZQJJ02REcYpfHh1IQTXSqiL/view?usp=share_link,CS037
70,[Spandex] Mustard T-Shirt XL,Mustard,XL,Spandex,0,33000,https://drive.google.com/file/d/1s8YswKjvcr2zxmDFC_kAwDqjBVUKNKs-/view?usp=share_link,CS014
70,[Spandex] Mustard T-Shirt XL,Mustard,XL,Spandex,0,33000,https://drive.google.com/file/d/1s8YswKjvcr2zxmDFC_kAwDqjBVUKNKs-/view?usp=share_link,CS021
70,[Spandex] Mustard T-Shirt XL,Mustard,XL,Spandex,20s,33000,https://drive.google.com/file/d/1s8YswKjvcr2zxmDFC_kAwDqjBVUKNKs-/view?usp=share_link,CS030
71,[Spandex] Sage T-Shirt XL,Sage,XL,Spandex,0,33000,https://drive.google.com/file/d/1wbZh4_txeFqS07KY3LrV8Zgsxcvd0qjN/view?usp=share_link,CS009
71,[Spandex] Sage T-Shirt XL,Sage,XL,Spandex,0,33000,https://drive.google.com/file/d/1wbZh4_txeFqS07KY3LrV8Zgsxcvd0qjN/view?usp=share_link,CS012
71,[Spandex] Sage T-Shirt XL,Sage,XL,Spandex,0,33000,https://drive.google.com/file/d/1wbZh4_txeFqS07KY3LrV8Zgsxcvd0qjN/view?usp=share_link,CS026
71,[Spandex] Sage T-Shirt XL,Sage,XL,Spandex,0,33000,https://drive.google.com/file/d/1wbZh4_txeFqS07KY3LrV8Zgsxcvd0qjN/view?usp=share_link,CS032
71,[Spandex] Sage T-Shirt XL,Sage,XL,Spandex,20s,33000,https://drive.google.com/file/d/1wbZh4_txeFqS07KY3LrV8Zgsxcvd0qjN/view?usp=share_link,CS032
72,[Spandex] White T-Shirt XL,White,XL,Spandex,0,33000,https://drive.google.com/file/d/1JVcjODCYziQykTH37tWJ77NCbOuxfT4l/view?usp=share_link,CS005
72,[Spandex] White T-Shirt XL,White,XL,Spandex,0,33000,https://drive.google.com/file/d/1JVcjODCYziQykTH37tWJ77NCbOuxfT4l/view?usp=share_link,CS006
72,[Spandex] White T-Shirt XL,White,XL,Spandex,0,33000,https://drive.google.com/file/d/1JVcjODCYziQykTH37tWJ77NCbOuxfT4l/view?usp=share_link,CS012
72,[Spandex] White T-Shirt XL,White,XL,Spandex,0,33000,https://drive.google.com/file/d/1JVcjODCYziQykTH37tWJ77NCbOuxfT4l/view?usp=share_link,CS017
72,[Spandex] White T-Shirt XL,White,XL,Spandex,0,33000,https://drive.google.com/file/d/1JVcjODCYziQykTH37tWJ77NCbOuxfT4l/view?usp=share_link,CS027
72,[Spandex] White T-Shirt XL,White,XL,Spandex,24s,33000,https://drive.google.com/file/d/1JVcjODCYziQykTH37tWJ77NCbOuxfT4l/view?usp=share_link,CS011
73,[Cotton Combed] Black T-Shirt XXL 20s,Black,XXL,Cotton Combed,20s,35000,https://drive.google.com/file/d/1vTjsa6cHpNKIAW2RnEYqCnpBIpQPuiqe/view?usp=share_link,CS003
73,[Cotton Combed] Black T-Shirt XXL 20s,Black,XXL,Cotton Combed,20s,35000,https://drive.google.com/file/d/1vTjsa6cHpNKIAW2RnEYqCnpBIpQPuiqe/view?usp=share_link,CS003
73,[Cotton Combed] Black T-Shirt XXL 20s,Black,XXL,Cotton Combed,0,35000,https://drive.google.com/file/d/1vTjsa6cHpNKIAW2RnEYqCnpBIpQPuiqe/view?usp=share_link,CS022
74,[Cotton Combed] Grey T-Shirt XXL 20s,Grey,XXL,Cotton Combed,20s,35000,https://drive.google.com/file/d/12VlmrpPKReSwfVBEejdJ2clcg8LuGmAe/view?usp=share_link,CS037
75,[Cotton Combed] Maroon T-Shirt XXL 20s,Maroon,XXL,Cotton Combed,20s,35000,https://drive.google.com/file/d/1sQ2EaS-xeWdQKQt8PBktDGxgJGbLjEzJ/view?usp=share_link,CS028
76,[Cotton Combed] Mustard T-Shirt XXL 20s,Mustard,XXL,Cotton Combed,20s,35000,https://drive.google.com/file/d/1o3VEf__eBotw7r6QHnUsR-pBLpBZ1tDT/view?usp=share_link,CS037
76,[Cotton Combed] Mustard T-Shirt XXL 20s,Mustard,XXL,Cotton Combed,20s,35000,https://drive.google.com/file/d/1o3VEf__eBotw7r6QHnUsR-pBLpBZ1tDT/view?usp=share_link,CS044
76,[Cotton Combed] Mustard T-Shirt XXL 20s,Mustard,XXL,Cotton Combed,0,35000,https://drive.google.com/file/d/1o3VEf__eBotw7r6QHnUsR-pBLpBZ1tDT/view?usp=share_link,CS024
77,[Cotton Combed] Sage T-Shirt XXL 20s,Sage,XXL,Cotton Combed,20s,35000,https://drive.google.com/file/d/1oXYXv26Gs0I4yuXNhfkas7r-ZRLK_Kg4/view?usp=share_link,CS037
77,[Cotton Combed] Sage T-Shirt XXL 20s,Sage,XXL,Cotton Combed,20s,35000,https://drive.google.com/file/d/1oXYXv26Gs0I4yuXNhfkas7r-ZRLK_Kg4/view?usp=share_link,CS044
77,[Cotton Combed] Sage T-Shirt XXL 20s,Sage,XXL,Cotton Combed,0,35000,https://drive.google.com/file/d/1oXYXv26Gs0I4yuXNhfkas7r-ZRLK_Kg4/view?usp=share_link,CS027
77,[Cotton Combed] Sage T-Shirt XXL 20s,Sage,XXL,Cotton Combed,0,35000,https://drive.google.com/file/d/1oXYXv26Gs0I4yuXNhfkas7r-ZRLK_Kg4/view?usp=share_link,CS027
78,[Cotton Combed] White T-Shirt XXL 20s,White,XXL,Cotton Combed,20s,35000,https://drive.google.com/file/d/1O-8Dt8OnMpFa-NFLawEYCJz4Vom84ctG/view?usp=share_link,CS037
78,[Cotton Combed] White T-Shirt XXL 20s,White,XXL,Cotton Combed,0,35000,https://drive.google.com/file/d/1O-8Dt8OnMpFa-NFLawEYCJz4Vom84ctG/view?usp=share_link,CS001
79,[Polyester] Black T-Shirt XXL,Black,XXL,Polyester,0,33000,https://drive.google.com/file/d/1_BEPix2AG5EgKZ078_6te0ejXGahrk4-/view?usp=share_link,CS015
79,[Polyester] Black T-Shirt XXL,Black,XXL,Polyester,0,33000,https://drive.google.com/file/d/1_BEPix2AG5EgKZ078_6te0ejXGahrk4-/view?usp=share_link,CS021
79,[Polyester] Black T-Shirt XXL,Black,XXL,Polyester,0,33000,https://drive.google.com/file/d/1_BEPix2AG5EgKZ078_6te0ejXGahrk4-/view?usp=share_link,CS033
79,[Polyester] Black T-Shirt XXL,Black,XXL,Polyester,0,33000,https://drive.google.com/file/d/1_BEPix2AG5EgKZ078_6te0ejXGahrk4-/view?usp=share_link,CS045
79,[Polyester] Black T-Shirt XXL,Black,XXL,Polyester,24s,33000,https://drive.google.com/file/d/1_BEPix2AG5EgKZ078_6te0ejXGahrk4-/view?usp=share_link,CS022
80,[Polyester] Grey T-Shirt XXL,Grey,XXL,Polyester,0,33000,https://drive.google.com/file/d/1LT0x19DHadkDdyXITOmK239MfZ3KVOAt/view?usp=share_link,CS018
80,[Polyester] Grey T-Shirt XXL,Grey,XXL,Polyester,0,33000,https://drive.google.com/file/d/1LT0x19DHadkDdyXITOmK239MfZ3KVOAt/view?usp=share_link,CS022
80,[Polyester] Grey T-Shirt XXL,Grey,XXL,Polyester,0,33000,https://drive.google.com/file/d/1LT0x19DHadkDdyXITOmK239MfZ3KVOAt/view?usp=share_link,CS025
80,[Polyester] Grey T-Shirt XXL,Grey,XXL,Polyester,0,33000,https://drive.google.com/file/d/1LT0x19DHadkDdyXITOmK239MfZ3KVOAt/view?usp=share_link,CS026
80,[Polyester] Grey T-Shirt XXL,Grey,XXL,Polyester,0,33000,https://drive.google.com/file/d/1LT0x19DHadkDdyXITOmK239MfZ3KVOAt/view?usp=share_link,CS044
80,[Polyester] Grey T-Shirt XXL,Grey,XXL,Polyester,30s,33000,https://drive.google.com/file/d/1LT0x19DHadkDdyXITOmK239MfZ3KVOAt/view?usp=share_link,CS005
81,[Polyester] Maroon T-Shirt XXL,Maroon,XXL,Polyester,0,33000,https://drive.google.com/file/d/1STD1zhpYIx4rREEXExLm0AWDem7ObqNV/view?usp=sharing,CS019
82,[Polyester] Mustard T-Shirt XXL,Mustard,XXL,Polyester,0,33000,https://drive.google.com/file/d/1EF9kV-UhJShCQcmG7_B9gdeDJqmYqdmU/view?usp=share_link,CS008
82,[Polyester] Mustard T-Shirt XXL,Mustard,XXL,Polyester,0,33000,https://drive.google.com/file/d/1EF9kV-UhJShCQcmG7_B9gdeDJqmYqdmU/view?usp=share_link,CS011
82,[Polyester] Mustard T-Shirt XXL,Mustard,XXL,Polyester,0,33000,https://drive.google.com/file/d/1EF9kV-UhJShCQcmG7_B9gdeDJqmYqdmU/view?usp=share_link,CS035
83,[Polyester] Sage T-Shirt XXL,Sage,XXL,Polyester,0,33000,https://drive.google.com/file/d/1aSSPSUeAhL5BkOldKSl15Q6z1JJTLR8a/view?usp=share_link,CS003
83,[Polyester] Sage T-Shirt XXL,Sage,XXL,Polyester,0,33000,https://drive.google.com/file/d/1aSSPSUeAhL5BkOldKSl15Q6z1JJTLR8a/view?usp=share_link,CS021
83,[Polyester] Sage T-Shirt XXL,Sage,XXL,Polyester,0,33000,https://drive.google.com/file/d/1aSSPSUeAhL5BkOldKSl15Q6z1JJTLR8a/view?usp=share_link,CS024
84,[Polyester] White T-Shirt XXL,White,XXL,Polyester,0,33000,https://drive.google.com/file/d/1IPzZvNJa0rwhfScba48xVRsRnsMdeTJR/view?usp=share_link,CS007
84,[Polyester] White T-Shirt XXL,White,XXL,Polyester,0,33000,https://drive.google.com/file/d/1IPzZvNJa0rwhfScba48xVRsRnsMdeTJR/view?usp=share_link,CS023
85,[Spandex] Black T-Shirt XXL,Black,XXL,Spandex,0,37000,https://drive.google.com/file/d/1vnhn7Q0HHaJKgIBKVz1vWms4e4-vyJxc/view?usp=share_link,CS001
85,[Spandex] Black T-Shirt XXL,Black,XXL,Spandex,0,37000,https://drive.google.com/file/d/1vnhn7Q0HHaJKgIBKVz1vWms4e4-vyJxc/view?usp=share_link,CS004
85,[Spandex] Black T-Shirt XXL,Black,XXL,Spandex,0,37000,https://drive.google.com/file/d/1vnhn7Q0HHaJKgIBKVz1vWms4e4-vyJxc/view?usp=share_link,CS013
85,[Spandex] Black T-Shirt XXL,Black,XXL,Spandex,0,37000,https://drive.google.com/file/d/1vnhn7Q0HHaJKgIBKVz1vWms4e4-vyJxc/view?usp=share_link,CS027
85,[Spandex] Black T-Shirt XXL,Black,XXL,Spandex,20s,37000,https://drive.google.com/file/d/1vnhn7Q0HHaJKgIBKVz1vWms4e4-vyJxc/view?usp=share_link,CS024
86,[Spandex] Grey T-Shirt XXL,Grey,XXL,Spandex,0,37000,https://drive.google.com/file/d/1vnhn7Q0HHaJKgIBKVz1vWms4e4-vyJxc/view?usp=share_link,CS038
86,[Spandex] Grey T-Shirt XXL,Grey,XXL,Spandex,0,37000,https://drive.google.com/file/d/1vnhn7Q0HHaJKgIBKVz1vWms4e4-vyJxc/view?usp=share_link,CS045
86,[Spandex] Grey T-Shirt XXL,Grey,XXL,Spandex,0,37000,https://drive.google.com/file/d/1vnhn7Q0HHaJKgIBKVz1vWms4e4-vyJxc/view?usp=share_link,CS045
87,[Spandex] Maroon T-Shirt XXL,Maroon,XXL,Spandex,0,37000,https://drive.google.com/file/d/1fGquBYN2XZQJJ02REcYpfHh1IQTXSqiL/view?usp=share_link,CS003
87,[Spandex] Maroon T-Shirt XXL,Maroon,XXL,Spandex,0,37000,https://drive.google.com/file/d/1fGquBYN2XZQJJ02REcYpfHh1IQTXSqiL/view?usp=share_link,CS015
87,[Spandex] Maroon T-Shirt XXL,Maroon,XXL,Spandex,0,37000,https://drive.google.com/file/d/1fGquBYN2XZQJJ02REcYpfHh1IQTXSqiL/view?usp=share_link,CS033
87,[Spandex] Maroon T-Shirt XXL,Maroon,XXL,Spandex,0,37000,https://drive.google.com/file/d/1fGquBYN2XZQJJ02REcYpfHh1IQTXSqiL/view?usp=share_link,CS045
88,[Spandex] Mustard T-Shirt XXL,Mustard,XXL,Spandex,0,37000,https://drive.google.com/file/d/1s8YswKjvcr2zxmDFC_kAwDqjBVUKNKs-/view?usp=share_link,CS003
88,[Spandex] Mustard T-Shirt XXL,Mustard,XXL,Spandex,0,37000,https://drive.google.com/file/d/1s8YswKjvcr2zxmDFC_kAwDqjBVUKNKs-/view?usp=share_link,CS017
88,[Spandex] Mustard T-Shirt XXL,Mustard,XXL,Spandex,20s,37000,https://drive.google.com/file/d/1s8YswKjvcr2zxmDFC_kAwDqjBVUKNKs-/view?usp=share_link,CS026
89,[Spandex] Sage T-Shirt XXL,Sage,XXL,Spandex,0,37000,https://drive.google.com/file/d/1wbZh4_txeFqS07KY3LrV8Zgsxcvd0qjN/view?usp=share_link,CS017
89,[Spandex] Sage T-Shirt XXL,Sage,XXL,Spandex,0,37000,https://drive.google.com/file/d/1wbZh4_txeFqS07KY3LrV8Zgsxcvd0qjN/view?usp=share_link,CS019
89,[Spandex] Sage T-Shirt XXL,Sage,XXL,Spandex,20s,37000,https://drive.google.com/file/d/1wbZh4_txeFqS07KY3LrV8Zgsxcvd0qjN/view?usp=share_link,CS003
90,[Spandex] White T-Shirt XXL,White,XXL,Spandex,0,37000,https://drive.google.com/file/d/1JVcjODCYziQykTH37tWJ77NCbOuxfT4l/view?usp=share_link,CS009
90,[Spandex] White T-Shirt XXL,White,XXL,Spandex,0,37000,https://drive.google.com/file/d/1JVcjODCYziQykTH37tWJ77NCbOuxfT4l/view?usp=share_link,CS016
90,[Spandex] White T-Shirt XXL,White,XXL,Spandex,0,37000,https://drive.google.com/file/d/1JVcjODCYziQykTH37tWJ77NCbOuxfT4l/view?usp=share_link,CS018
90,[Spandex] White T-Shirt XXL,White,XXL,Spandex,24s,37000,https://drive.google.com/file/d/1JVcjODCYziQykTH37tWJ77NCbOuxfT4l/view?usp=share_link,CS028
91,[Cotton Combed] Black T-Shirt S 24s,Black,S,Cotton Combed,24s,27000,https://drive.google.com/file/d/1vTjsa6cHpNKIAW2RnEYqCnpBIpQPuiqe/view?usp=share_link,CS038
92,[Cotton Combed] Grey T-Shirt S 24s,Grey,S,Cotton Combed,24s,27000,https://drive.google.com/file/d/12VlmrpPKReSwfVBEejdJ2clcg8LuGmAe/view?usp=share_link,CS038
92,[Cotton Combed] Grey T-Shirt S 24s,Grey,S,Cotton Combed,0,27000,https://drive.google.com/file/d/12VlmrpPKReSwfVBEejdJ2clcg8LuGmAe/view?usp=share_link,CS016
93,[Cotton Combed] Maroon T-Shirt S 24s,Maroon,S,Cotton Combed,24s,27000,https://drive.google.com/file/d/1sQ2EaS-xeWdQKQt8PBktDGxgJGbLjEzJ/view?usp=share_link,CS038
93,[Cotton Combed] Maroon T-Shirt S 24s,Maroon,S,Cotton Combed,0,27000,https://drive.google.com/file/d/1sQ2EaS-xeWdQKQt8PBktDGxgJGbLjEzJ/view?usp=share_link,CS018
93,[Cotton Combed] Maroon T-Shirt S 24s,Maroon,M,Cotton Combed,0,27000,https://drive.google.com/file/d/1sQ2EaS-xeWdQKQt8PBktDGxgJGbLjEzJ/view?usp=share_link,CS019
94,[Cotton Combed] Mustard T-Shirt S 24s,Mustard,S,Cotton Combed,24s,27000,https://drive.google.com/file/d/1o3VEf__eBotw7r6QHnUsR-pBLpBZ1tDT/view?usp=share_link,CS008
94,[Cotton Combed] Mustard T-Shirt S 24s,Mustard,S,Cotton Combed,24s,27000,https://drive.google.com/file/d/1o3VEf__eBotw7r6QHnUsR-pBLpBZ1tDT/view?usp=share_link,CS026
94,[Cotton Combed] Mustard T-Shirt S 24s,Mustard,S,Cotton Combed,0,27000,https://drive.google.com/file/d/1o3VEf__eBotw7r6QHnUsR-pBLpBZ1tDT/view?usp=share_link,CS007
95,[Cotton Combed] Sage T-Shirt S 24s,Sage,S,Cotton Combed,24s,27000,https://drive.google.com/file/d/1oXYXv26Gs0I4yuXNhfkas7r-ZRLK_Kg4/view?usp=share_link,CS007
96,[Cotton Combed] White T-Shirt S 24s,White,S,Cotton Combed,24s,27000,https://drive.google.com/file/d/1O-8Dt8OnMpFa-NFLawEYCJz4Vom84ctG/view?usp=share_link,CS038
96,[Cotton Combed] White T-Shirt S 24s,White,S,Cotton Combed,0,27000,https://drive.google.com/file/d/1O-8Dt8OnMpFa-NFLawEYCJz4Vom84ctG/view?usp=share_link,CS015
97,[Cotton Combed] Black T-Shirt M 24s,Black,M,Cotton Combed,24s,29000,https://drive.google.com/file/d/1vTjsa6cHpNKIAW2RnEYqCnpBIpQPuiqe/view?usp=share_link,CS038
97,[Cotton Combed] Black T-Shirt M 24s,Black,M,Cotton Combed,0,29000,https://drive.google.com/file/d/1vTjsa6cHpNKIAW2RnEYqCnpBIpQPuiqe/view?usp=share_link,CS007
98,[Cotton Combed] Grey T-Shirt M 24s,Grey,M,Cotton Combed,24s,29000,https://drive.google.com/file/d/12VlmrpPKReSwfVBEejdJ2clcg8LuGmAe/view?usp=share_link,CS038
98,[Cotton Combed] Grey T-Shirt M 24s,Grey,M,Cotton Combed,24s,29000,https://drive.google.com/file/d/12VlmrpPKReSwfVBEejdJ2clcg8LuGmAe/view?usp=share_link,CS043
99,[Cotton Combed] Maroon T-Shirt M 24s,Maroon,M,Cotton Combed,24s,29000,https://drive.google.com/file/d/1sQ2EaS-xeWdQKQt8PBktDGxgJGbLjEzJ/view?usp=share_link,CS038
99,[Cotton Combed] Maroon T-Shirt M 24s,Maroon,M,Cotton Combed,24s,29000,https://drive.google.com/file/d/1sQ2EaS-xeWdQKQt8PBktDGxgJGbLjEzJ/view?usp=share_link,CS042
99,[Cotton Combed] Maroon T-Shirt M 24s,Maroon,M,Cotton Combed,24s,29000,https://drive.google.com/file/d/1sQ2EaS-xeWdQKQt8PBktDGxgJGbLjEzJ/view?usp=share_link,CS043
100,[Cotton Combed] Mustard T-Shirt M 24s,Mustard,M,Cotton Combed,24s,29000,https://drive.google.com/file/d/1o3VEf__eBotw7r6QHnUsR-pBLpBZ1tDT/view?usp=share_link,CS015
100,[Cotton Combed] Mustard T-Shirt M 24s,Mustard,M,Cotton Combed,24s,29000,https://drive.google.com/file/d/1o3VEf__eBotw7r6QHnUsR-pBLpBZ1tDT/view?usp=share_link,CS016
101,[Cotton Combed] Sage T-Shirt M 24s,Sage,M,Cotton Combed,24s,29000,https://drive.google.com/file/d/1oXYXv26Gs0I4yuXNhfkas7r-ZRLK_Kg4/view?usp=share_link,CS028
102,[Cotton Combed] White T-Shirt M 24s,White,M,Cotton Combed,24s,29000,https://drive.google.com/file/d/1O-8Dt8OnMpFa-NFLawEYCJz4Vom84ctG/view?usp=share_link,CS038
102,[Cotton Combed] White T-Shirt M 24s,White,M,Cotton Combed,24s,29000,https://drive.google.com/file/d/1O-8Dt8OnMpFa-NFLawEYCJz4Vom84ctG/view?usp=share_link,CS042
102,[Cotton Combed] White T-Shirt M 24s,White,M,Cotton Combed,24s,29000,https://drive.google.com/file/d/1O-8Dt8OnMpFa-NFLawEYCJz4Vom84ctG/view?usp=share_link,CS043
102,[Cotton Combed] White T-Shirt M 24s,White,M,Cotton Combed,0,29000,https://drive.google.com/file/d/1O-8Dt8OnMpFa-NFLawEYCJz4Vom84ctG/view?usp=share_link,CS013
103,[Cotton Combed] Black T-Shirt L 24s,Black,L,Cotton Combed,24s,31000,https://drive.google.com/file/d/1vTjsa6cHpNKIAW2RnEYqCnpBIpQPuiqe/view?usp=share_link,CS038
103,[Cotton Combed] Black T-Shirt L 24s,Black,L,Cotton Combed,24s,31000,https://drive.google.com/file/d/1vTjsa6cHpNKIAW2RnEYqCnpBIpQPuiqe/view?usp=share_link,CS043
103,[Cotton Combed] Black T-Shirt L 24s,Black,L,Cotton Combed,24s,31000,https://drive.google.com/file/d/1vTjsa6cHpNKIAW2RnEYqCnpBIpQPuiqe/view?usp=share_link,CS043
103,[Cotton Combed] Black T-Shirt L 24s,Black,L,Cotton Combed,0,31000,https://drive.google.com/file/d/1vTjsa6cHpNKIAW2RnEYqCnpBIpQPuiqe/view?usp=share_link,CS028
104,[Cotton Combed] Grey T-Shirt L 24s,Grey,L,Cotton Combed,24s,31000,https://drive.google.com/file/d/12VlmrpPKReSwfVBEejdJ2clcg8LuGmAe/view?usp=share_link,CS021
104,[Cotton Combed] Grey T-Shirt L 24s,Grey,L,Cotton Combed,0,31000,https://drive.google.com/file/d/12VlmrpPKReSwfVBEejdJ2clcg8LuGmAe/view?usp=share_link,CS005
105,[Cotton Combed] Maroon T-Shirt L 24s,Maroon,L,Cotton Combed,24s,31000,https://drive.google.com/file/d/1sQ2EaS-xeWdQKQt8PBktDGxgJGbLjEzJ/view?usp=share_link,CS026
106,[Cotton Combed] Mustard T-Shirt L 24s,Mustard,L,Cotton Combed,24s,31000,https://drive.google.com/file/d/1o3VEf__eBotw7r6QHnUsR-pBLpBZ1tDT/view?usp=share_link,CS030
106,[Cotton Combed] Mustard T-Shirt L 24s,Mustard,L,Cotton Combed,24s,31000,https://drive.google.com/file/d/1o3VEf__eBotw7r6QHnUsR-pBLpBZ1tDT/view?usp=share_link,CS031
106,[Cotton Combed] Mustard T-Shirt L 24s,Mustard,L,Cotton Combed,0,31000,https://drive.google.com/file/d/1o3VEf__eBotw7r6QHnUsR-pBLpBZ1tDT/view?usp=share_link,CS033
107,[Cotton Combed] Sage T-Shirt L 24s,Sage,L,Cotton Combed,24s,31000,https://drive.google.com/file/d/1oXYXv26Gs0I4yuXNhfkas7r-ZRLK_Kg4/view?usp=share_link,CS012
108,[Cotton Combed] White T-Shirt L 24s,White,L,Cotton Combed,24s,31000,https://drive.google.com/file/d/1O-8Dt8OnMpFa-NFLawEYCJz4Vom84ctG/view?usp=share_link,CS032
108,[Cotton Combed] White T-Shirt L 24s,White,L,Cotton Combed,0,31000,https://drive.google.com/file/d/1O-8Dt8OnMpFa-NFLawEYCJz4Vom84ctG/view?usp=share_link,CS007
108,[Cotton Combed] White T-Shirt L 24s,White,L,Cotton Combed,0,31000,https://drive.google.com/file/d/1O-8Dt8OnMpFa-NFLawEYCJz4Vom84ctG/view?usp=share_link,CS012
109,[Cotton Combed] Black T-Shirt XL 24s,Black,XL,Cotton Combed,24s,32000,https://drive.google.com/file/d/1vTjsa6cHpNKIAW2RnEYqCnpBIpQPuiqe/view?usp=share_link,CS023
109,[Cotton Combed] Black T-Shirt XL 24s,Black,XL,Cotton Combed,0,32000,https://drive.google.com/file/d/1vTjsa6cHpNKIAW2RnEYqCnpBIpQPuiqe/view?usp=share_link,CS021
110,[Cotton Combed] Grey T-Shirt XL 24s,Grey,XL,Cotton Combed,24s,32000,https://drive.google.com/file/d/12VlmrpPKReSwfVBEejdJ2clcg8LuGmAe/view?usp=share_link,CS039
111,[Cotton Combed] Maroon T-Shirt XL 24s,Maroon,XL,Cotton Combed,24s,32000,https://drive.google.com/file/d/1sQ2EaS-xeWdQKQt8PBktDGxgJGbLjEzJ/view?usp=share_link,CS039
112,[Cotton Combed] Mustard T-Shirt XL 24s,Mustard,XL,Cotton Combed,24s,32000,https://drive.google.com/file/d/1o3VEf__eBotw7r6QHnUsR-pBLpBZ1tDT/view?usp=share_link,CS039
112,[Cotton Combed] Mustard T-Shirt XL 24s,Mustard,XL,Cotton Combed,24s,32000,https://drive.google.com/file/d/1o3VEf__eBotw7r6QHnUsR-pBLpBZ1tDT/view?usp=share_link,CS043
112,[Cotton Combed] Mustard T-Shirt XL 24s,Mustard,XL,Cotton Combed,0,32000,https://drive.google.com/file/d/1o3VEf__eBotw7r6QHnUsR-pBLpBZ1tDT/view?usp=share_link,CS026
113,[Cotton Combed] Sage T-Shirt XL 24s,Sage,XL,Cotton Combed,24s,32000,https://drive.google.com/file/d/1oXYXv26Gs0I4yuXNhfkas7r-ZRLK_Kg4/view?usp=share_link,CS039
113,[Cotton Combed] Sage T-Shirt XL 24s,Sage,XL,Cotton Combed,24s,32000,https://drive.google.com/file/d/1oXYXv26Gs0I4yuXNhfkas7r-ZRLK_Kg4/view?usp=share_link,CS043
114,[Cotton Combed] White T-Shirt XL 24s,White,XL,Cotton Combed,24s,32000,https://drive.google.com/file/d/1O-8Dt8OnMpFa-NFLawEYCJz4Vom84ctG/view?usp=share_link,CS014
114,[Cotton Combed] White T-Shirt XL 24s,White,XL,Cotton Combed,0,32000,https://drive.google.com/file/d/1O-8Dt8OnMpFa-NFLawEYCJz4Vom84ctG/view?usp=share_link,CS031
115,[Cotton Combed] Black T-Shirt XXL 24s,Black,XXL,Cotton Combed,24s,36000,https://drive.google.com/file/d/1vTjsa6cHpNKIAW2RnEYqCnpBIpQPuiqe/view?usp=share_link,CS039
115,[Cotton Combed] Black T-Shirt XXL 24s,Black,XXL,Cotton Combed,24s,36000,https://drive.google.com/file/d/1vTjsa6cHpNKIAW2RnEYqCnpBIpQPuiqe/view?usp=share_link,CS044
115,[Cotton Combed] Black T-Shirt XXL 24s,Black,XXL,Cotton Combed,0,36000,https://drive.google.com/file/d/1vTjsa6cHpNKIAW2RnEYqCnpBIpQPuiqe/view?usp=share_link,CS019
116,[Cotton Combed] Grey T-Shirt XXL 24s,Grey,XXL,Cotton Combed,24s,36000,https://drive.google.com/file/d/12VlmrpPKReSwfVBEejdJ2clcg8LuGmAe/view?usp=share_link,CS039
116,[Cotton Combed] Grey T-Shirt XXL 24s,Grey,XXL,Cotton Combed,24s,36000,https://drive.google.com/file/d/12VlmrpPKReSwfVBEejdJ2clcg8LuGmAe/view?usp=share_link,CS044
117,[Cotton Combed] Maroon T-Shirt XXL 24s,Maroon,XXL,Cotton Combed,24s,36000,https://drive.google.com/file/d/1sQ2EaS-xeWdQKQt8PBktDGxgJGbLjEzJ/view?usp=share_link,CS039
117,[Cotton Combed] Maroon T-Shirt XXL 24s,Maroon,XXL,Cotton Combed,24s,36000,https://drive.google.com/file/d/1sQ2EaS-xeWdQKQt8PBktDGxgJGbLjEzJ/view?usp=share_link,CS045
118,[Cotton Combed] Mustard T-Shirt XXL 24s,Mustard,XXL,Cotton Combed,24s,36000,https://drive.google.com/file/d/1o3VEf__eBotw7r6QHnUsR-pBLpBZ1tDT/view?usp=share_link,CS039
118,[Cotton Combed] Mustard T-Shirt XXL 24s,Mustard,XXL,Cotton Combed,0,36000,https://drive.google.com/file/d/1o3VEf__eBotw7r6QHnUsR-pBLpBZ1tDT/view?usp=share_link,CS017
119,[Cotton Combed] Sage T-Shirt XXL 24s,Sage,XXL,Cotton Combed,24s,36000,https://drive.google.com/file/d/1oXYXv26Gs0I4yuXNhfkas7r-ZRLK_Kg4/view?usp=share_link,CS039
119,[Cotton Combed] Sage T-Shirt XXL 24s,Sage,XXL,Cotton Combed,0,36000,https://drive.google.com/file/d/1oXYXv26Gs0I4yuXNhfkas7r-ZRLK_Kg4/view?usp=share_link,CS015
119,[Cotton Combed] Sage T-Shirt XXL 24s,Sage,XXL,Cotton Combed,0,36000,https://drive.google.com/file/d/1oXYXv26Gs0I4yuXNhfkas7r-ZRLK_Kg4/view?usp=share_link,CS025
120,[Cotton Combed] White T-Shirt XXL 24s,White,XXL,Cotton Combed,24s,36000,https://drive.google.com/file/d/1O-8Dt8OnMpFa-NFLawEYCJz4Vom84ctG/view?usp=share_link,CS039
121,[Cotton Combed] Black T-Shirt S 30s,Black,S,Cotton Combed,30s,28000,https://drive.google.com/file/d/1vTjsa6cHpNKIAW2RnEYqCnpBIpQPuiqe/view?usp=share_link,CS040
121,[Cotton Combed] Black T-Shirt S 30s,Black,S,Cotton Combed,30s,28000,https://drive.google.com/file/d/1vTjsa6cHpNKIAW2RnEYqCnpBIpQPuiqe/view?usp=share_link,CS042
122,[Cotton Combed] Grey T-Shirt S 30s,Grey,S,Cotton Combed,30s,28000,https://drive.google.com/file/d/12VlmrpPKReSwfVBEejdJ2clcg8LuGmAe/view?usp=share_link,CS016
122,[Cotton Combed] Grey T-Shirt S 30s,Grey,S,Cotton Combed,30s,28000,https://drive.google.com/file/d/12VlmrpPKReSwfVBEejdJ2clcg8LuGmAe/view?usp=share_link,CS033
122,[Cotton Combed] Grey T-Shirt S 30s,Grey,S,Cotton Combed,0,28000,https://drive.google.com/file/d/12VlmrpPKReSwfVBEejdJ2clcg8LuGmAe/view?usp=share_link,CS013
123,[Cotton Combed] Maroon T-Shirt S 30s,Maroon,S,Cotton Combed,30s,28000,https://drive.google.com/file/d/1sQ2EaS-xeWdQKQt8PBktDGxgJGbLjEzJ/view?usp=share_link,CS040
123,[Cotton Combed] Maroon T-Shirt S 30s,Maroon,S,Cotton Combed,30s,28000,https://drive.google.com/file/d/1sQ2EaS-xeWdQKQt8PBktDGxgJGbLjEzJ/view?usp=share_link,CS042
123,[Cotton Combed] Maroon T-Shirt S 30s,Maroon,S,Cotton Combed,0,28000,https://drive.google.com/file/d/1sQ2EaS-xeWdQKQt8PBktDGxgJGbLjEzJ/view?usp=share_link,CS005
124,[Cotton Combed] Mustard T-Shirt S 30s,Mustard,S,Cotton Combed,30s,28000,https://drive.google.com/file/d/1o3VEf__eBotw7r6QHnUsR-pBLpBZ1tDT/view?usp=share_link,CS001
124,[Cotton Combed] Mustard T-Shirt S 30s,Mustard,S,Cotton Combed,30s,28000,https://drive.google.com/file/d/1o3VEf__eBotw7r6QHnUsR-pBLpBZ1tDT/view?usp=share_link,CS005
125,[Cotton Combed] Sage T-Shirt S 30s,Sage,S,Cotton Combed,30s,28000,https://drive.google.com/file/d/1oXYXv26Gs0I4yuXNhfkas7r-ZRLK_Kg4/view?usp=share_link,CS026
125,[Cotton Combed] Sage T-Shirt S 30s,Sage,S,Cotton Combed,30s,28000,https://drive.google.com/file/d/1oXYXv26Gs0I4yuXNhfkas7r-ZRLK_Kg4/view?usp=share_link,CS040
125,[Cotton Combed] Sage T-Shirt S 30s,Sage,S,Cotton Combed,0,28000,https://drive.google.com/file/d/1oXYXv26Gs0I4yuXNhfkas7r-ZRLK_Kg4/view?usp=share_link,CS006
126,[Cotton Combed] White T-Shirt S 30s,White,S,Cotton Combed,30s,28000,https://drive.google.com/file/d/1O-8Dt8OnMpFa-NFLawEYCJz4Vom84ctG/view?usp=share_link,CS040
126,[Cotton Combed] White T-Shirt S 30s,White,S,Cotton Combed,0,28000,https://drive.google.com/file/d/1O-8Dt8OnMpFa-NFLawEYCJz4Vom84ctG/view?usp=share_link,CS030
127,[Cotton Combed] Black T-Shirt M 30s,Black,M,Cotton Combed,30s,30000,https://drive.google.com/file/d/1vTjsa6cHpNKIAW2RnEYqCnpBIpQPuiqe/view?usp=share_link,CS040
128,[Cotton Combed] Grey T-Shirt M 30s,Grey,M,Cotton Combed,30s,30000,https://drive.google.com/file/d/12VlmrpPKReSwfVBEejdJ2clcg8LuGmAe/view?usp=share_link,CS040
128,[Cotton Combed] Grey T-Shirt M 30s,Grey,M,Cotton Combed,0,30000,https://drive.google.com/file/d/12VlmrpPKReSwfVBEejdJ2clcg8LuGmAe/view?usp=share_link,CS005
129,[Cotton Combed] Maroon T-Shirt M 30s,Maroon,M,Cotton Combed,30s,30000,https://drive.google.com/file/d/1sQ2EaS-xeWdQKQt8PBktDGxgJGbLjEzJ/view?usp=share_link,CS040
130,[Cotton Combed] Mustard T-Shirt M 30s,Mustard,M,Cotton Combed,30s,30000,https://drive.google.com/file/d/1o3VEf__eBotw7r6QHnUsR-pBLpBZ1tDT/view?usp=share_link,CS040
130,[Cotton Combed] Mustard T-Shirt M 30s,Mustard,M,Cotton Combed,30s,30000,https://drive.google.com/file/d/1o3VEf__eBotw7r6QHnUsR-pBLpBZ1tDT/view?usp=share_link,CS042
131,[Cotton Combed] Sage T-Shirt M 30s,Sage,M,Cotton Combed,30s,30000,https://drive.google.com/file/d/1oXYXv26Gs0I4yuXNhfkas7r-ZRLK_Kg4/view?usp=share_link,CS040
131,[Cotton Combed] Sage T-Shirt M 30s,Sage,M,Cotton Combed,30s,30000,https://drive.google.com/file/d/1oXYXv26Gs0I4yuXNhfkas7r-ZRLK_Kg4/view?usp=share_link,CS042
131,[Cotton Combed] Sage T-Shirt M 30s,Sage,M,Cotton Combed,0,30000,https://drive.google.com/file/d/1oXYXv26Gs0I4yuXNhfkas7r-ZRLK_Kg4/view?usp=share_link,CS008
132,[Cotton Combed] White T-Shirt M 30s,White,M,Cotton Combed,30s,30000,https://drive.google.com/file/d/1O-8Dt8OnMpFa-NFLawEYCJz4Vom84ctG/view?usp=share_link,CS040
132,[Cotton Combed] White T-Shirt M 30s,White,M,Cotton Combed,0,30000,https://drive.google.com/file/d/1O-8Dt8OnMpFa-NFLawEYCJz4Vom84ctG/view?usp=share_link,CS020
133,[Cotton Combed] Black T-Shirt L 30s,Black,L,Cotton Combed,30s,32000,https://drive.google.com/file/d/1vTjsa6cHpNKIAW2RnEYqCnpBIpQPuiqe/view?usp=share_link,CS020
133,[Cotton Combed] Black T-Shirt L 30s,Black,L,Cotton Combed,0,32000,https://drive.google.com/file/d/1vTjsa6cHpNKIAW2RnEYqCnpBIpQPuiqe/view?usp=share_link,CS018
134,[Cotton Combed] Grey T-Shirt L 30s,Grey,L,Cotton Combed,30s,32000,https://drive.google.com/file/d/12VlmrpPKReSwfVBEejdJ2clcg8LuGmAe/view?usp=share_link,CS034
135,[Cotton Combed] Maroon T-Shirt L 30s,Maroon,L,Cotton Combed,30s,32000,https://drive.google.com/file/d/1sQ2EaS-xeWdQKQt8PBktDGxgJGbLjEzJ/view?usp=share_link,CS041
135,[Cotton Combed] Maroon T-Shirt L 30s,Maroon,L,Cotton Combed,0,32000,https://drive.google.com/file/d/1sQ2EaS-xeWdQKQt8PBktDGxgJGbLjEzJ/view?usp=share_link,CS003
136,[Cotton Combed] Mustard T-Shirt L 30s,Mustard,L,Cotton Combed,30s,32000,https://drive.google.com/file/d/1o3VEf__eBotw7r6QHnUsR-pBLpBZ1tDT/view?usp=share_link,CS041
137,[Cotton Combed] Sage T-Shirt L 30s,Sage,L,Cotton Combed,30s,32000,https://drive.google.com/file/d/1oXYXv26Gs0I4yuXNhfkas7r-ZRLK_Kg4/view?usp=share_link,CS041
137,[Cotton Combed] Sage T-Shirt L 30s,Sage,L,Cotton Combed,0,32000,https://drive.google.com/file/d/1oXYXv26Gs0I4yuXNhfkas7r-ZRLK_Kg4/view?usp=share_link,CS002
138,[Cotton Combed] White T-Shirt L 30s,White,L,Cotton Combed,30s,32000,https://drive.google.com/file/d/1O-8Dt8OnMpFa-NFLawEYCJz4Vom84ctG/view?usp=share_link,CS041
138,[Cotton Combed] White T-Shirt L 30s,White,L,Cotton Combed,0,32000,https://drive.google.com/file/d/1O-8Dt8OnMpFa-NFLawEYCJz4Vom84ctG/view?usp=share_link,CS029
139,[Cotton Combed] Black T-Shirt XL 30s,Black,XL,Cotton Combed,30s,33000,https://drive.google.com/file/d/1vTjsa6cHpNKIAW2RnEYqCnpBIpQPuiqe/view?usp=share_link,CS041
139,[Cotton Combed] Black T-Shirt XL 30s,Black,XL,Cotton Combed,30s,33000,https://drive.google.com/file/d/1vTjsa6cHpNKIAW2RnEYqCnpBIpQPuiqe/view?usp=share_link,CS044
139,[Cotton Combed] Black T-Shirt XL 30s,Black,XL,Cotton Combed,0,33000,https://drive.google.com/file/d/1vTjsa6cHpNKIAW2RnEYqCnpBIpQPuiqe/view?usp=share_link,CS034
140,[Cotton Combed] Grey T-Shirt XL 30s,Grey,XL,Cotton Combed,30s,33000,https://drive.google.com/file/d/12VlmrpPKReSwfVBEejdJ2clcg8LuGmAe/view?usp=share_link,CS041
141,[Cotton Combed] Maroon T-Shirt XL 30s,Maroon,XL,Cotton Combed,30s,33000,https://drive.google.com/file/d/1sQ2EaS-xeWdQKQt8PBktDGxgJGbLjEzJ/view?usp=share_link,CS041
142,[Cotton Combed] Mustard T-Shirt XL 30s,Mustard,XL,Cotton Combed,30s,33000,https://drive.google.com/file/d/1o3VEf__eBotw7r6QHnUsR-pBLpBZ1tDT/view?usp=share_link,CS041
143,[Cotton Combed] Sage T-Shirt XL 30s,Sage,XL,Cotton Combed,30s,33000,https://drive.google.com/file/d/1oXYXv26Gs0I4yuXNhfkas7r-ZRLK_Kg4/view?usp=share_link,CS012
143,[Cotton Combed] Sage T-Shirt XL 30s,Sage,XL,Cotton Combed,0,33000,https://drive.google.com/file/d/1oXYXv26Gs0I4yuXNhfkas7r-ZRLK_Kg4/view?usp=share_link,CS009
144,[Cotton Combed] White T-Shirt XL 30s,White,XL,Cotton Combed,30s,33000,https://drive.google.com/file/d/1O-8Dt8OnMpFa-NFLawEYCJz4Vom84ctG/view?usp=share_link,CS041
145,[Cotton Combed] Black T-Shirt XXL 30s,Black,XXL,Cotton Combed,30s,37000,https://drive.google.com/file/d/1vTjsa6cHpNKIAW2RnEYqCnpBIpQPuiqe/view?usp=share_link,CS041
146,[Cotton Combed] Grey T-Shirt XXL 30s,Grey,XXL,Cotton Combed,30s,37000,https://drive.google.com/file/d/12VlmrpPKReSwfVBEejdJ2clcg8LuGmAe/view?usp=share_link,CS042
147,[Cotton Combed] Maroon T-Shirt XXL 30s,Maroon,XXL,Cotton Combed,30s,37000,https://drive.google.com/file/d/1sQ2EaS-xeWdQKQt8PBktDGxgJGbLjEzJ/view?usp=share_link,CS042
148,[Cotton Combed] Mustard T-Shirt XXL 30s,Mustard,XXL,Cotton Combed,30s,37000,https://drive.google.com/file/d/1o3VEf__eBotw7r6QHnUsR-pBLpBZ1tDT/view?usp=share_link,CS042
148,[Cotton Combed] Mustard T-Shirt XXL 30s,Mustard,XXL,Cotton Combed,0,37000,https://drive.google.com/file/d/1o3VEf__eBotw7r6QHnUsR-pBLpBZ1tDT/view?usp=share_link,CS011
148,[Cotton Combed] Mustard T-Shirt XXL 30s,Mustard,XXL,Cotton Combed,0,37000,https://drive.google.com/file/d/1o3VEf__eBotw7r6QHnUsR-pBLpBZ1tDT/view?usp=share_link,CS015
149,[Cotton Combed] Sage T-Shirt XXL 30s,Sage,XXL,Cotton Combed,30s,37000,https://drive.google.com/file/d/1oXYXv26Gs0I4yuXNhfkas7r-ZRLK_Kg4/view?usp=share_link,CS042
149,[Cotton Combed] Sage T-Shirt XXL 30s,Sage,XXL,Cotton Combed,0,37000,https://drive.google.com/file/d/1oXYXv26Gs0I4yuXNhfkas7r-ZRLK_Kg4/view?usp=share_link,CS004
150,[Cotton Combed] White T-Shirt XXL 30s,White,XXL,Cotton Combed,30s,37000,https://drive.google.com/file/d/1O-8Dt8OnMpFa-NFLawEYCJz4Vom84ctG/view?usp=share_link,CS042
150,[Cotton Combed] White T-Shirt XXL 30s,White,XXL,Cotton Combed,0,37000,https://drive.google.com/file/d/1O-8Dt8OnMpFa-NFLawEYCJz4Vom84ctG/view?usp=share_link,CS019